ds,yhat,yhat_lower,yhat_upper,total_sales
2019-10-07,-3139.4943711555425,-9252.84218968757,2321.649386291764,1150.5
2019-10-08,-3556.6156117138835,-9161.19186293006,2502.9000808324427,1164.72
2019-10-09,-3300.3143032480493,-9353.977201395395,2202.005998868044,2033.4
2019-10-10,-2069.465024462016,-7751.712269703673,4005.762424279683,2700.8
2019-10-11,20.389307271653536,-5712.737444850053,5643.765763114266,2098.93
2019-10-12,2096.840605018639,-3755.2211838082494,7537.099624390283,4046.61
2019-10-13,-2070.5484256253694,-7734.646782689383,4094.658566973134,2775.8
2019-10-14,-2768.98958919118,-8669.425842959701,3224.0827764365267,2452.85
2019-10-15,-3285.3954199289137,-9416.243223721918,2500.8265205243006,1066.47
2019-10-16,-3106.10975044545,-8651.250711371542,2698.4179262501902,2647.06
2019-10-17,-1926.577200431745,-7770.512168027579,4090.139789355173,2063.8
2019-10-18,140.2408916068713,-5781.547603258555,6132.218930594432,2812.6
2019-10-19,2223.5851594976675,-3724.707387456436,7794.659474059838,4268.83
2019-10-20,-1906.321796382772,-7905.09534436309,3719.29417957192,2292.71
2019-10-21,-2537.046331689565,-8529.011120881487,3022.9645331651664,5988.86
2019-10-22,-2956.8643112551563,-8838.620947145042,2662.660073130008,1602.12
2019-10-23,-2654.454717796417,-8154.819355137056,3240.827616452464,1339.91
2019-10-24,-1328.50181716856,-7405.986407342012,4254.3314986984215,3416.7
2019-10-25,903.9847522343364,-4485.68365554476,6701.15390154618,3057.97
2019-10-26,3167.510321913935,-2577.8832298690336,8781.47712308973,4618.89
2019-10-27,-772.9808528124659,-6527.776323040456,4864.80347774871,1867.07
2019-10-28,-1210.7144395580897,-6961.961862274487,4683.187307703681,1042.27
2019-10-29,-1439.8311547281132,-6806.929254544339,4139.588582471895,1384.24
2019-10-30,-954.8967934877004,-6447.346346641478,5084.637509705888,764.97
2019-10-31,539.6818500380158,-5214.148943805193,5903.838515676112,1578.21
2019-11-01,2921.520194825085,-3129.4751590047576,9198.994789104485,4364.56
2019-11-02,5310.271002262647,61.884838364724224,11748.104500169136,5575.05
2019-11-03,1466.7092354196504,-4949.118283331878,7428.126384993092,3121.92
2019-11-04,1094.2652316499089,-4731.997051757022,6723.013727606556,909.13
2019-11-05,896.3982190381154,-4608.802254882864,6679.785452035974,3273.62
2019-11-06,1377.1777239401936,-4618.23165348847,7087.258570319472,2096.23
2019-11-07,2831.928731423249,-2854.4864330998253,8787.679814820614,3498.82
2019-11-08,5139.123560198527,-582.3261183479957,10277.586031821984,3064.75
2019-11-09,7420.391806428151,1636.784768040171,13101.990526534037,7865.98
2019-11-10,3439.565947040097,-2362.082781143878,9274.42890895761,3781.38
2019-11-11,2904.141870263384,-2804.587678047777,8443.837124946185,1278.77
2019-11-12,2522.548048814712,-3430.0248170168475,8563.334330296362,3328.01
2019-11-13,2804.593518974856,-3061.8226121316843,8656.914152977002,3624.52
2019-11-14,4051.954112516791,-1767.0041396177587,9737.912908884442,1691.02
2019-11-15,6149.884044363211,607.3902867486895,12240.74585859198,5447.62
2019-11-16,8227.029324120558,2526.683415404785,14016.167215089476,3090.56
2019-11-17,4054.26599878344,-1783.2181589435486,10022.88136645302,2715.02
2019-11-18,3345.948379790644,-2407.393568777423,9331.83903163783,3397.91
2019-11-19,2816.967053790521,-3051.0248363830538,8351.215963718623,2806.66
2019-11-20,2982.992964833468,-2969.3988400873795,8462.757308318549,4212.35
2019-11-21,4150.773005729527,-1408.2703808417812,9893.628179089315,2435.03
2019-11-22,6209.669906418421,535.8749113115058,11637.892714079248,5298.7
2019-11-23,8291.328102064945,3039.989263307178,13884.30057428873,5911.29
2019-11-24,4168.393179867644,-1962.551724464907,9663.270582190857,4063.37
2019-11-25,3555.673890780902,-2274.935024473804,9533.88850765758,6191.07
2019-11-26,3167.149485056638,-2643.888513913771,9478.40754181149,4618.76
2019-11-27,3516.200652992192,-2230.777646994334,9112.942636043112,6822.48
2019-11-28,4905.930473161619,-867.3465557919124,10772.435919660984,2052.55
2019-11-29,7220.768053771653,1533.1899206294345,13085.085111896584,3510.05
2019-11-30,9586.235375656615,3703.317402914314,14720.46424783958,3922.05
2019-12-01,5767.802712431657,45.47980145480795,11647.514378714724,2058.53
2019-12-02,5472.218395232573,-586.4081884783299,11024.995842564162,6370.25
2019-12-03,5404.711547432386,-376.6738785362757,11080.091384770496,1041.81
2019-12-04,6069.4411305330495,-86.68061185770631,11872.685476788967,1839.61
2019-12-05,7771.532392493838,2377.5098292107123,13185.665352592136,1954.35
2019-12-06,10374.485729622676,4416.906093249075,16053.68371078282,3369.04
2019-12-07,12994.635027574544,7901.901730465553,18998.594538909667,5036.46
2019-12-08,9388.771105055954,3652.744495881615,15281.78134572556,3962.94
2019-12-09,9255.710865873843,3180.450103610575,14662.650157328915,2445.31
2019-12-10,9293.723966203032,3316.0343943699468,15409.226181225627,2572.88
2019-12-11,10001.184185312515,4313.7983321884685,15555.688902198786,9710.54
2019-12-12,11667.300661124347,6221.945325943199,17257.03344974371,3721.28
2019-12-13,14164.110594197307,8333.581005064174,19801.081831014835,2810.99
2019-12-14,16606.603308115064,11217.185644942889,22212.60495945027,4509.75
2019-12-15,12751.891174980734,7188.493299650187,18886.60257034544,6868.19
2019-12-16,12300.804332735082,6623.857283669505,17600.720214355464,5522.1
2019-12-17,11955.300250740294,6338.976015724282,17588.396752169177,3745.98
2019-12-18,12219.055399650531,6409.859535611427,17865.65232369517,4532.81
2019-12-19,13388.095381122455,7647.459538324622,19286.774197378632,5957.04
2019-12-20,15342.647413480285,9919.733646008708,21307.203110532344,8200.85
2019-12-21,17207.08839363031,11429.296675521213,22674.41911641238,11151.8
2019-12-22,12748.90832979166,6905.455575098118,18302.110642655985,6192.25
2019-12-23,11680.07119834889,5541.344243587933,17495.28803957252,6798.65
2019-12-24,10714.170113662729,4395.57315758157,16165.394452274732,12179.05
2019-12-25,10366.750450345118,4440.997728697872,15724.824525418748,1675.43
2019-12-26,10945.664039148724,5109.959092105131,16619.254701180475,4781.75
2019-12-27,12342.645300486402,6675.003124755242,17994.950675197317,2794.59
2019-12-28,13692.98952160872,7579.35025973891,19288.469940832125,8089.51
2019-12-29,8774.259890483077,2749.39869457197,14631.560223262892,4088.38
2019-12-30,7307.41181049769,1725.5995788140465,13078.733397097283,9736.98
2019-12-31,6013.737338035794,221.4732132411388,11682.504409687412,6420.11
2020-01-01,5415.0086613701,-134.97058844691958,11314.164032674373,2627.01
2020-01-02,5823.68820947713,98.9301142851431,11746.729330300344,3119.44
2020-01-03,7138.04473606879,1373.9514324997815,12733.96885056551,2618.93
2020-01-04,8490.833405626112,2944.2177673516435,14561.881323397643,4333.84
2020-01-05,3658.917345042967,-2454.9920286778247,9492.93458557712,3257.61
2020-01-06,2360.7701113814765,-3067.876454425058,8063.080345220232,3805.84
2020-01-07,1313.4858373222555,-4231.126060398228,7114.129726824714,2290.17
2020-01-08,1033.0291605518642,-4989.186582495902,6729.4114337304245,1957.13
2020-01-09,1824.5896204801436,-3732.2339083176216,7253.126074417024,2301.07
2020-01-10,3574.2310724776908,-2298.807498713558,9469.737999630068,6569.78
2020-01-11,5408.714152562733,-670.2100545238424,11278.075134738272,5058.07
2020-01-12,1094.4144411636707,-5055.997711833784,6758.022396285243,2352.66
2020-01-13,338.7192094493712,-5478.628966345117,6118.503118961793,1121.48
2020-01-14,-152.70156932510872,-5754.80794578868,5586.401390776484,2983.37
2020-01-15,124.6204960894429,-5966.044446326502,6166.970291219527,1592.7
2020-01-16,1464.570655811808,-4448.9294568634095,7002.6121264571775,3381.61
2020-01-17,3742.356191610989,-1924.735023559933,9692.482103300534,7145.74
2020-01-18,6074.570102386206,208.5789081562953,12226.339925126178,7511.18
2020-01-19,2218.3301501589394,-3070.0983348039067,7866.838485278922,4928.7
2020-01-20,1872.870948580285,-3826.0190856938807,7434.360064810137,2906.41
2020-01-21,1736.9803032855916,-4185.036373624201,7546.903785079668,2673.46
2020-01-22,2309.646607401839,-3332.2591210021446,7891.554032252776,5764.11
2020-01-23,3880.772597666662,-1662.6208498930969,9995.471616854344,3005.34
2020-01-24,6323.137743220756,210.17119364760836,12284.655634698607,4930.05
2020-01-25,8752.4803240581,2917.195049491583,14999.314812490506,6980.61
2020-01-26,4926.616338453913,-969.2628722352168,10526.321989185986,3956.85
2020-01-27,4546.974203592943,-1608.947763098812,10070.845787038685,6064.92
2020-01-28,4315.938682302958,-1335.0743725059376,9555.308657312022,2304.55
2020-01-29,4737.373927720139,-1423.5827818448593,10413.575283223256,3956.38
2020-01-30,6107.184808938127,880.8101288225681,11790.401530849678,3886.62
2020-01-31,8305.103298103979,2619.221893935464,13582.31738207154,5434.07
2020-02-01,10454.57600455338,4984.087970439237,16220.822030004116,10439.23
2020-02-02,6321.67539342772,673.965546853025,12204.768067977351,4510.63
2020-02-03,5616.419284422327,-245.33406551126987,11284.872129935044,1979.79
2020-02-04,5049.8977468334815,-390.670260805168,10681.052357608589,2520.07
2020-02-05,5134.582888802416,-649.9262477962853,11203.17536244199,3545.72
2020-02-06,6174.686067898394,289.76560152029293,12396.814742559322,4310.56
2020-02-07,8057.75429112938,2059.6839364217053,13629.669263438893,4555.85
2020-02-08,9914.386372451883,4181.664130103885,15501.223413437134,3801.99
2020-02-09,5516.995257901689,-304.1968376061048,11121.871662139296,4117.06
2020-02-10,4581.004270425612,-1156.344241867151,10502.637858101916,1336.26
2020-02-11,3821.8787864730425,-2365.778725952792,9441.100192190486,2697.5
2020-02-12,3755.370406585997,-1602.8721196581173,9160.44905982408,3380.26
2020-02-13,4687.838872069892,-993.8147014164028,10689.78955454175,4256.29
2020-02-14,6507.843378892186,754.255975653361,12271.500156113829,6178.4
2020-02-15,8345.882923530571,2923.7559823730576,14434.2839636863,4601.97
2020-02-16,3973.2103899566273,-1951.1779381189087,9636.85767373664,5518.02
2020-02-17,3103.105729124314,-2813.733938041403,8578.294758962493,4250.87
2020-02-18,2448.006730133417,-2848.355542230941,8111.442678192368,2703.11
2020-02-19,2519.8709220862656,-3416.2448324294205,8202.219116086313,2560.72
2020-02-20,3620.629939835994,-2035.4832912720492,9472.14596084869,1893.52
2020-02-21,5633.923812915569,-390.8220810513865,11240.891745463849,2705.64
2020-02-22,7684.990475766147,1437.4335539105236,13518.30049325756,5265.13
2020-02-23,3539.630854976062,-2153.74201301123,9072.495526111728,4366.63
2020-02-24,2905.630641430192,-2472.809158090993,8838.08430442941,2124.23
2020-02-25,2490.033231341205,-3062.5854645370778,8113.23272596184,3857.33
2020-02-26,2799.6336987496707,-3114.711335170949,8451.504003255302,4675.13
2020-02-27,4131.5518907898695,-1912.455224358608,10058.340703896522,2863.45
2020-02-28,6365.069379274338,602.1364409720418,11983.312093080827,4386.95
2020-02-29,8621.60342014749,2803.854390120061,14644.58416338519,5587.29
2020-03-01,4663.736754984719,-631.8242812755051,10625.54343857306,5686.94
2020-03-02,4196.683485467333,-1815.801215493777,10349.832941982855,3202.91
2020-03-03,3925.5852882409336,-1449.2132685924516,9993.884336691886,3101.55
2020-03-04,4356.008242633647,-1539.074560057148,10338.329939963716,2652.74
2020-03-05,5784.499381864216,185.87389706533008,11218.219241565235,2179.6
2020-03-06,8090.389266630483,2457.785776490972,13732.758877074444,8284.9
2020-03-07,10395.715780099848,4548.447711551275,16474.295087502403,5408.05
2020-03-08,6464.190425536706,724.8904974449173,12205.00487419505,4755.63
2020-03-09,6002.590116500234,703.3448691032519,12121.39475126034,6346.51
2020-03-10,5717.971689366657,-349.0917552560397,11012.073932595957,2188.16
2020-03-11,6118.082490182494,368.07598382115,12102.312051999526,3127.0
2020-03-12,7501.829223647121,1785.2648799964973,12975.694211348027,12468.8
2020-03-13,9750.994347326246,4128.645313806353,15304.992678873925,17159.28
2020-03-14,11990.078003234526,6123.400822977291,17630.450172148518,14493.82
2020-03-15,7985.189284376591,2057.113317632038,13392.941156562,11289.75
2020-03-16,7445.371991042182,1917.3414793895304,13281.000408680691,11722.07
2020-03-17,7079.76385862855,1147.7726538499485,13089.000501928378,14483.01
2020-03-18,7397.963901997228,2153.8550452983104,13484.125858004523,11149.72
2020-03-19,8700.470868397835,3036.6903888885263,14858.45309502054,10589.2
2020-03-20,10870.382385046712,4875.584465025653,16485.364684334167,23253.92
2020-03-21,13033.23259963358,7103.926313567808,18980.84528884918,12560.59
2020-03-22,8955.89144207591,3349.7690268656447,14986.036150773603,7501.59
2020-03-23,8347.909555099048,3128.0964351048924,13767.914807640294,8387.89
2020-03-24,7918.706381136047,2123.178190229437,13827.728540189546,6508.54
2020-03-25,8177.974233927744,2511.8136205302294,13870.91705212523,11597.56
2020-03-26,9426.159281289329,3547.454840885415,15149.236080792469,12752.02
2020-03-27,11546.206792448484,5804.388693652537,17036.947736916256,11993.14
2020-03-28,13663.446134670688,7892.73453524984,19690.967619718314,11947.79
2020-03-29,9544.536340636692,3933.7474880940463,15034.3226182123,8272.36
2020-03-30,8898.854076458507,3240.36362709779,14553.140078346669,9537.2
2020-03-31,8435.71948307395,2479.6200054672167,14081.030034232444,8316.69
2020-04-01,8664.83088789157,3548.9642780074028,14520.730147479682,11068.53
2020-04-02,9886.767889407884,4072.995771196775,15437.332534615667,13805.8
2020-04-03,11984.749047716989,6144.043032370234,17686.943519511628,9808.25
2020-04-04,14084.51898408669,8106.809551725651,19853.012656301027,15794.57
2020-04-05,9953.285462841195,4280.49722618594,15842.015596739671,15011.62
2020-04-06,9301.088489217922,3627.813195130055,14999.656333695944,7993.72
2020-04-07,8837.997514620081,3063.3431683335343,14088.809776474114,9774.22
2020-04-08,9074.508852436697,3590.1037139425493,14494.430048163493,7925.3
2020-04-09,10312.004206423446,4259.771551824638,16255.163071470755,14268.69
2020-04-10,12434.4583438698,6539.243610018511,18242.481251150664,12161.92
2020-04-11,14568.272758749565,9228.421738172914,20458.15768091404,11408.74
2020-04-12,10481.158140952995,4791.033980554515,16359.239129812117,7748.92
2020-04-13,9883.450044464098,4036.1155254321807,15476.988182213852,12275.88
2020-04-14,9485.256235358518,3815.914358352624,14878.124656839664,12359.77
2020-04-15,9796.810155319425,4041.0782599904087,15631.39996167176,15779.11
2020-04-16,11118.89359120444,5633.74382550595,16879.75720809725,16756.4
2020-04-17,13334.518544823824,7404.249123970882,18976.68639239362,21826.7
2020-04-18,15568.746806863302,9728.28390634477,21107.696224890144,15520.08
2020-04-19,11587.571340114531,5948.818904527429,17184.236773464425,8899.61
2020-04-20,11099.244727973191,5501.039143675865,16556.71540799044,7100.23
2020-04-21,10811.453565500766,4994.930349415786,16918.401549055667,11938.46
2020-04-22,11231.713131024517,5702.446411619181,16398.9141968515,12531.57
2020-04-23,12657.844826777417,7239.907719237827,18425.11418792097,14532.66
2020-04-24,14969.725282897158,9394.098590766647,20744.614715672786,17913.98
2020-04-25,17289.184053860852,11725.952112309604,22847.15207070469,17811.38
2020-04-26,13378.97200248018,7356.449427706701,19080.164544864587,8395.45
2020-04-27,12944.18323633901,7565.516512358216,18942.41779742781,21959.78
2020-04-28,12683.415408400342,7330.406884747684,18422.888162268344,22382.07
2020-04-29,13107.596595141473,7606.125259291631,18793.665685180236,18626.14
2020-04-30,14512.22453879159,9122.366890851225,19939.992177765384,22469.14
2020-05-01,16775.317643939186,11388.778035899664,22057.743662463155,15673.72
2020-05-02,19017.39477147133,13699.879659905117,24775.33725540514,18793.14
2020-05-03,15000.514363547987,9305.001655293016,20676.60751078101,9511.31
2020-05-04,14429.753090539109,8403.57735324282,20063.898189799696,15554.65
2020-05-05,14010.51785872814,8332.534029996577,19707.711733028216,20457.95
2020-05-06,14249.060669245377,8315.966755735684,19821.987346199014,27907.12
2020-05-07,15443.054318932527,9657.245012126288,21556.13537468932,22710.78
2020-05-08,17473.413842848277,11582.722965290895,23103.83189004628,17002.91
2020-05-09,19464.237276846216,13805.927940676434,25284.25259295302,19339.03
2020-05-10,15181.78525124004,9394.667061542925,21042.535816185577,9685.23
2020-05-11,14335.880566694776,8500.647822754747,20274.06831809481,12350.73
2020-05-12,13637.123158736553,7674.930368928086,19244.294493398236,15335.62
2020-05-13,13597.292083481025,7906.994958536458,19280.489179128766,14110.06
2020-05-14,14519.795181338666,8829.517254454277,20530.94786513365,19527.13
2020-05-15,16291.35444156249,10599.556088967847,22164.95629114142,15666.27
2020-05-16,18041.80414320493,12292.508089135792,23808.27606990816,13822.91
2020-05-17,13542.925059882316,7900.427186876729,19476.41041217109,9756.95
2020-05-18,12509.699829819165,6558.422476751423,18456.502714246933,10156.88
2020-05-19,11657.388909362891,5813.003191982172,17344.869752685037,15705.85
2020-05-20,11501.802700091384,5928.908638553491,17023.703031016397,15829.24
2020-05-21,12349.634292787046,6954.84015647832,18144.271560979985,13494.25
2020-05-22,14090.04435373962,8120.436494305935,19524.46455488618,14540.88
2020-05-23,15854.378340752455,10146.234479895757,21265.96070078449,15113.18
2020-05-24,11414.9419604163,5659.358587084587,17197.91177016601,7769.22
2020-05-25,10486.222020719142,4918.368012214917,16066.413189809657,7846.86
2020-05-26,9781.953509951656,4161.056099888213,15733.110260918049,7143.62
2020-05-27,9803.339601853064,4229.166837620518,15558.00253869746,10517.1
2020-05-28,10865.637086936593,5389.75382130511,16459.45000886767,13380.73
2020-05-29,12853.60190768905,7199.628171999551,18428.21213382902,15223.44
2020-05-30,14893.369642429216,8820.486251406339,20541.41558989241,16127.22
2020-05-31,10751.346644863748,5089.7956485195855,16401.044002786926,11655.98
2020-06-01,10135.565817590126,4489.06018865324,16116.150743435895,13691.38
2020-06-02,9752.90449465997,4138.336595150329,15187.651938719324,10567.05
2020-06-03,10109.536908447611,4476.859984582134,15476.961745219896,9521.18
2020-06-04,11501.48147002868,5769.500924735276,17066.927045069435,12866.64
2020-06-05,13806.42917821232,8186.174558684514,19614.301951490583,11704.21
2020-06-06,16143.727272666358,10544.08875563116,22143.822498086152,15862.97
2020-06-07,12273.43726930342,6467.428811170325,17375.01904846905,9518.52
2020-06-08,11897.84723899896,6434.128682186648,17718.820594262048,11393.27
2020-06-09,11718.8315470421,5884.247502545972,17571.658581841733,17426.12
2020-06-10,12238.426640808708,6302.149976751314,18061.85920923967,12407.47
2020-06-11,13749.479709661626,8329.331479187991,19809.04094630968,12977.91
2020-06-12,16127.553708799596,10022.051318527963,21732.239923329544,12874.02
2020-06-13,18490.960704915324,12756.887060430996,24508.27468414376,19101.96
2020-06-14,14599.841254639225,9148.466910481537,20100.635774678263,11574.39
2020-06-15,14157.669025053456,8555.510270767629,19211.29805941528,15609.57
2020-06-16,13868.574020454034,8132.996548185777,19686.033524492028,19252.19
2020-06-17,14237.853947189258,8225.341541686863,20013.38584205853,16073.15
2020-06-18,15562.53226127488,9839.767284881884,21365.79064410428,19118.65
2020-06-19,17723.148841354716,12033.158324620945,23114.70965108437,20281.08
2020-06-20,19843.65836018609,14070.28918631048,25605.43803082132,19616.19
2020-06-21,15690.357760054048,10249.57623926538,21320.68699783651,13212.78
2020-06-22,14973.226212412936,9408.959333371413,21120.839495030006,13380.93
2020-06-23,14403.075456705854,8568.557788981934,19777.611192981924,15872.37
2020-06-24,14491.884814133911,8678.753636033716,20316.33784046498,10551.55
2020-06-25,15528.183958839829,10084.37358673514,21633.547665795664,13322.6
2020-06-26,17413.675832499328,11471.018432179704,22725.09022767437,18475.39
2020-06-27,19277.97618000412,13764.221734371597,24975.87508420019,19441.81
2020-06-28,14892.398690634422,9367.745745692158,20401.30931744079,17687.0
2020-06-29,13971.17140840093,8398.569599044382,19571.959260160365,16410.37
2020-06-30,13228.48599056151,7685.727387631091,19076.95869949438,17378.91
2020-07-01,13178.756828857098,7464.340062631756,18845.335101651475,15182.07
2020-07-02,14126.955439381103,8597.681447062434,19809.936348787807,21886.91
2020-07-03,15960.212109102838,9875.979842362764,21451.296323823724,25785.28
2020-07-04,17807.56492843521,12236.49341855887,23530.521567899053,19902.64
2020-07-05,13438.781539014615,7882.106334298882,18938.559673215983,8909.68
2020-07-06,12565.639654795832,6731.141444283354,18703.43065201464,12719.41
2020-07-07,11899.065608106665,6117.200631194125,17537.895240888556,12168.98
2020-07-08,11949.505212715982,6529.3171611033,17468.37810706987,11679.35
2020-07-09,13017.388986883168,7381.608146096786,18680.97983461939,13664.58
2020-07-10,14984.879818476098,9428.892490155858,20872.302706027356,14881.78
2020-07-11,16975.77886602718,11230.604836011447,22948.754536814875,14217.5
2020-07-12,12754.510385480327,6852.12731098822,18633.37905723499,14568.5
2020-07-13,12027.566732523024,6295.888711283841,17593.917067431594,11748.08
2020-07-14,11500.807955011016,5913.1179248194185,17204.268390700316,12909.22
2020-07-15,11679.985542321898,5540.208238544561,17737.599214666632,9132.41
2020-07-16,12861.347899325066,6601.00268424829,18126.422723145104,12209.69
2020-07-17,14923.5115319959,9050.45931616285,20104.058345960235,13873.48
2020-07-18,16987.470143858303,10715.020027869286,22760.881986690674,13677.07
2020-07-19,12815.659343188889,7227.450567284435,18483.468211478204,13354.18
2020-07-20,12113.455914475217,6284.306159391217,17703.127977855656,19768.82
2020-07-21,11586.504531530878,6039.639134266132,17453.496606323668,11854.07
2020-07-22,11741.24074833439,6145.633919428255,18022.84166586436,11823.42
2020-07-23,12875.4679305879,7256.711614711825,18057.43673002108,13388.31
2020-07-24,14857.083520089114,9117.013799938102,20119.33834886735,15932.72
2020-07-25,16823.27612421281,11239.782456598889,22800.577037221832,18453.2
2020-07-26,12540.218443647433,6623.884975542604,18407.688587079065,15430.85
2020-07-27,11717.533282927392,6275.966814134754,17132.079801558022,12573.32
2020-07-28,11065.48166767996,5390.36445264475,16824.640534085785,11567.41
2020-07-29,11095.33561508794,5581.05341451684,17288.38987625787,11015.44
2020-07-30,12109.797765584328,6010.123146327881,17550.93893483926,15707.97
2020-07-31,13994.65754334002,8142.377026453799,19862.599363569105,16895.28
2020-08-01,15878.562597522236,10036.110557822789,21949.347658926592,12565.36
2020-08-02,11531.8304559858,6049.608534014943,17360.958484618866,13306.31
2020-08-03,10667.68704210575,5069.189204768992,16276.372176502024,9661.62
2020-08-04,9999.332867485102,4093.986797405824,15854.899461363304,11132.2
2020-08-05,10040.213674161798,4168.771581040054,15707.446959530613,13282.47
2020-08-06,11094.360895164857,5057.025184489961,16535.709935361385,10838.59
2020-08-07,13047.994084451324,6889.889415200598,18820.071379595018,15275.34
2020-08-08,15029.265799804643,9384.030520758071,21169.841896429443,18377.36
2020-08-09,10807.07479690186,4878.751527185539,16683.6003057343,14809.67
2020-08-10,10092.334277207254,3932.453129233606,15928.590054426764,11006.9
2020-08-11,9595.095255087806,3803.437270805429,15480.518970510264,8751.55
2020-08-12,9824.900250895487,3716.1357570269415,15398.869070893088,11558.51
2020-08-13,11081.230336518958,6029.412240047161,16894.1338731943,15251.22
2020-08-14,13245.234633915104,7660.5982015096815,18957.566058281143,12357.5
2020-08-15,15439.619079352056,9750.471028127937,21412.07289290183,17668.58
2020-08-16,11427.61612731833,5552.081162964591,17352.728002771008,11499.84
2020-08-17,10914.41756108329,5317.8164447364925,16928.49006892329,9118.77
2020-08-18,10604.465641903253,4784.416801777747,16012.497874814571,8232.4
2020-08-19,11001.972854881313,5550.164757861759,16458.070491387494,7722.36
2020-08-20,12401.528359181148,6294.035614296845,17660.39036349988,13451.37
2020-08-21,14679.97549942139,9349.20141024156,20541.46313456652,11743.7
2020-08-22,16950.425600842456,11425.295482066424,22973.302088381228,17336.35
2020-08-23,12979.361553287468,7739.51196659166,18743.680097778488,15337.56
2020-08-24,12470.138312457328,6810.148071446766,17976.08892686229,10973.41
2020-08-25,12126.344427725418,6422.092937829257,17750.213900933184,16109.18
2020-08-26,12452.357047603413,6338.493499798591,18152.97781592337,10937.67
2020-08-27,13743.954490051094,8099.620659497405,19638.933925074427,9454.76
2020-08-28,15880.170402038462,10008.996333801124,21675.36024141944,16357.78
2020-08-29,17983.262422823616,12460.60977327937,23901.48561527401,16719.81
2020-08-30,13817.71442361786,8323.676059384332,19264.291476065693,11613.68
2020-08-31,13091.653267122816,7609.61228816848,18312.923934609,15760.76
2020-09-01,12514.075513706275,6716.540574513093,18854.035449762818,10281.91
2020-09-02,12595.255944800894,6783.382493468909,18088.96464528071,14746.67
2020-09-03,13637.198998174234,7633.798127561635,19631.700563611783,12648.9
2020-09-04,15525.321750851988,9675.816017646315,21271.89063378089,19204.68
2020-09-05,17388.2462838328,11620.177728848475,23607.562181920224,15089.36
2020-09-06,12996.625585005177,7294.035721007727,18854.14734870844,16433.99
2020-09-07,12064.38903386087,6110.884313702346,17621.324885901322,10509.15
2020-09-08,11305.807861329818,5572.494833933816,17099.240104490636,8603.9
2020-09-09,11235.757142776474,5679.314374872196,17122.312619974553,9897.4
2020-09-10,12160.039688670136,6383.5870129478735,17730.067862811422,13229.03
2020-09-11,13966.964195581537,8127.122586846321,20050.58218141169,16470.73
2020-09-12,15787.058563750768,10135.517201317083,21225.36489985672,13685.39
2020-09-13,11391.844864987594,5247.433817066369,16840.160837489646,15515.17
2020-09-14,10495.063515224696,4700.074987984058,16086.844615028656,11546.69
2020-09-15,9809.74769460227,4337.102308617469,15324.434499404964,11080.47
2020-09-16,9848.52433950324,4422.782928157099,15798.91649261538,10781.81
2020-09-17,10914.005959310489,5243.175083763871,16524.160956242762,14381.57
2020-09-18,12890.46368154441,6873.209102476975,18650.358977300388,12626.06
2020-09-19,14903.659680736408,9118.243613110591,20524.74239933805,14881.09
2020-09-20,10719.762005706278,4756.19092361635,16145.350973775086,9778.91
2020-09-21,10046.725310115666,4264.859591602128,16017.767966623793,11314.17
2020-09-22,9591.533904982669,4192.436784896674,15267.608830651228,10585.76
2020-09-23,9860.67857936378,3739.062410913498,15787.987963898498,6674.02
2020-09-24,11150.726267106038,5219.075827414656,17004.68635791484,15405.69
2020-09-25,13340.16775384736,7854.408663896164,19094.273732546444,13480.2
2020-09-26,15549.416452889436,9821.303706818211,21545.971588662527,12470.05
2020-09-27,11539.876380960952,5642.801680850078,17208.109621389784,11551.06
2020-09-28,11015.458306261056,5229.70168211985,16489.541179440526,9209.1
2020-09-29,10679.936551616453,5427.690598513586,16281.149175974448,17468.82
2020-09-30,11037.514491007492,5435.288146106564,16847.985124088926,11712.72
2020-10-01,12383.455225378928,6571.602881938461,18048.618489167817,10392.57
2020-10-02,14595.960822486111,8992.45318345146,20411.961835993432,19345.79
2020-10-03,16796.172214793653,10903.193505608311,22521.94436009102,17482.48
2020-10-04,12747.20785155025,6718.000369549111,18390.504653789118,9732.06
2020-10-05,12155.620945367426,6349.824283569493,17984.638239371794,12944.33
2020-10-06,11728.669543725417,5848.667761658856,17735.29978690437,9271.09
2020-10-07,11974.770041629816,6066.504848286665,17816.531186950033,12654.48
2020-10-08,13193.993955892129,7708.520987611573,19526.85786183587,12629.03
2020-10-09,15269.795340273216,9275.191164554197,21064.66001236698,14716.5
2020-10-10,17328.845474217596,11858.50866726386,23260.580658785908,16425.05
2020-10-11,13139.897870865876,6838.207492269151,18877.389967389117,9728.25
2020-10-12,12415.068660397545,7292.711773601053,18147.56460259815,9968.13
2020-10-13,11866.931907374785,6162.041397764903,17576.87656901929,12101.35
2020-10-14,12008.805760739038,5739.953423134907,17586.424725725014,7928.19
2020-10-15,13145.094338007424,7484.7250153200675,18935.82240826211,13855.26
2020-10-16,15162.877450071855,9597.74077077373,20643.118040101857,14967.98
2020-10-17,17191.629031073993,11130.437784481488,23185.678698125408,20136.06
2020-10-18,13001.990919470294,7243.6044272672225,18937.674779143937,13246.21
2020-10-19,12306.98996592683,6494.434903313162,18057.484607009505,12090.55
2020-10-20,11819.099993587992,6278.013857912824,17261.203236980447,7869.59
2020-10-21,12050.52576435545,6309.442942984032,18043.092471476662,12468.57
2020-10-22,13303.574050401472,7915.886180379481,19073.448552552112,10574.44
2020-10-23,15462.303229402518,9866.03056937896,21207.245502961003,13600.03
2020-10-24,17652.330648319017,11711.741552384414,23385.40298083795,21835.87
2020-10-25,13639.721911126626,7527.724575347095,19046.733326600883,7916.25
2020-10-26,13132.346710949229,7414.646713984664,19218.96692949357,11786.92
2020-10-27,12837.09878989114,7295.272661086466,18337.84701424244,7618.57
2020-10-28,13260.35245900085,7935.874018728342,18733.02553045365,11361.0
2020-10-29,14698.515716423944,8799.069202642548,20908.74581198893,15415.6
2020-10-30,17029.86594492148,11693.8194992787,23404.312856281063,13719.98
2020-10-31,19374.54183967344,13562.549589090368,24923.23268381176,14922.2
2020-11-01,15493.610125444686,9452.20984571572,21598.920657034538,16457.29
2020-11-02,15090.586250389932,9325.091948130304,20644.43498581376,15053.13
2020-11-03,14868.80153028194,8941.081854657205,20628.253786984515,10093.51
2020-11-04,15331.984542820515,9947.659041187108,21036.997211427133,11217.47
2020-11-05,16774.912793179188,11116.417911341903,22167.82756168238,12090.93
2020-11-06,19075.31735454118,13705.860577643783,24929.80209183262,12337.07
2020-11-07,21353.911697656386,15433.299024701408,27221.49785765575,18307.25
2020-11-08,17373.461751326904,11267.2790334036,22728.526226735252,13290.08
2020-11-09,16840.275835183485,11304.614112673284,22558.18515454977,14311.05
2020-11-10,16461.50738834062,10798.166612717574,21803.98056102311,12822.68
2020-11-11,16745.639735140863,10861.74756312186,22063.382455616407,15588.82
2020-11-12,17993.01130888998,12153.030926123496,23275.12283577189,13262.25
2020-11-13,20087.56733463265,14381.68721818934,26205.751582855413,17627.26
2020-11-14,22156.713292838867,16340.358806769787,27868.467665859996,24509.72
2020-11-15,17970.192012086194,12234.184366627393,23966.87255385572,20156.41
2020-11-16,17241.368396053804,11365.253262280929,23193.819012126354,17963.66
2020-11-17,16684.320549960306,10777.92177157721,21742.903519702617,14654.32
2020-11-18,16814.112492580272,10983.797409956902,22080.699913159893,16285.37
2020-11-19,17937.11310699689,11969.772222220876,23387.35385171135,21251.92
2020-11-20,19942.55332098354,13943.540955708642,26055.27877346922,16876.83
2020-11-21,21962.20262607615,16705.524508912687,27330.260856417743,22978.03
2020-11-22,17769.092130641806,11955.29535439087,23439.678625128377,15060.27
2020-11-23,17078.672923081223,10901.257946037393,23274.11331439029,13758.92
2020-11-24,16605.812494013502,10798.377662092718,21558.54874838866,17343.96
2020-11-25,16865.00769251981,11136.458313452798,22616.86806807552,16009.72
2020-11-26,18160.681010446428,12226.72951437711,23536.888497832464,6770.66
2020-11-27,20378.753462586752,14568.916874200357,26256.5799071021,34857.9
2020-11-28,22646.375328139908,16965.020363877164,28733.487531771465,17507.29
2020-11-29,18730.74104133061,13456.327290424077,24424.04349990164,12230.45
2020-11-30,18340.37504236569,12310.91364353227,24181.51217523124,24374.26
2020-12-01,18182.288361233543,12596.041322393312,23948.95119569492,12749.96
2020-12-02,18762.38049520364,12697.747882717307,24494.654556457343,13048.34
2020-12-03,20375.94862440192,14697.179271237954,26162.549501706388,15916.24
2020-12-04,22899.49197178366,17172.95956567467,28805.77293904703,20123.79
2020-12-05,25450.686546200486,19620.733493885466,30827.90823073933,23543.77
2020-12-06,21787.4501252564,15977.845849858752,27714.76945187701,21016.54
2020-12-07,21609.47762899761,15845.45506477955,27580.03587651437,16374.1
2020-12-08,21615.639947256117,15557.187727236456,26859.158137533053,14660.01
2020-12-09,22304.61420732365,16292.009201832334,28067.173820287742,19440.3
2020-12-10,23965.60126692116,18123.548000422667,29080.7413602033,18525.28
2020-12-11,26470.31246779157,20301.847238955208,32471.24220752895,50139.52
2020-12-12,28933.095764728478,23611.29867500066,34726.045889498266,31535.15
2020-12-13,25110.11675420135,19583.467545968004,30811.678599514948,27542.96
2020-12-14,24700.971332025365,19411.70091686777,30381.755135398424,29429.09
2020-12-15,24406.12063136611,18494.710348803248,30297.87543837485,38276.84
2020-12-16,24727.514892332576,18871.8432189058,30709.461526532286,34545.14
2020-12-17,25959.261836670063,19991.29412904627,31508.57446045556,29853.16
2020-12-18,27979.52249360078,21989.592717986216,33900.40011678299,30632.94
2020-12-19,29910.506615647333,23988.651605854146,35083.386625156585,32805.95
2020-12-20,25517.486287503787,19986.247343964205,31042.86691584279,22681.66
2020-12-21,24510.208514604023,18995.195975492858,30018.699470956853,34160.49
2020-12-22,23600.10237050964,17946.204135877426,29318.25862850653,30950.98
2020-12-23,23300.653025859,17597.519625570734,29056.311585372336,32504.99
2020-12-24,23917.804490050705,17749.620059785397,29058.48048728973,20249.37
2020-12-25,25341.58070170896,19187.89371156701,30795.016989577125,14936.01
2020-12-26,26705.804039494255,20789.581189848752,32421.056349057977,21174.23
2020-12-27,21786.83685555236,16711.911474622706,27867.51057033403,11588.99
2020-12-28,20304.733695492647,14630.758140481095,26006.91843812982,13145.48
2020-12-29,18980.2063583284,13376.42911756586,24968.82174852924,26247.71
2020-12-30,18334.78021697133,12630.10425413247,24053.996709244428,39017.14
2020-12-31,18681.009091652657,12784.290977308268,24121.722467999512,20912.73
2021-01-01,19913.942994349272,14152.118847205104,26027.22173616151,11303.37
2021-01-02,21170.731597623413,15650.75101663867,26755.813897544314,15447.57
2021-01-03,16229.29181520971,10914.310140892405,21866.97044928853,10813.19
2021-01-04,14809.428876733338,9026.319584428244,20936.38248939669,7395.5
2021-01-05,13629.813661907774,7511.340581526931,19185.417213154324,9268.59
2021-01-06,13208.194209119953,7715.923640955039,19113.81157023256,11943.38
2021-01-07,13851.707086849285,8115.004063222721,19810.68647810973,13113.73
2021-01-08,15448.480292612052,9627.269112427814,21561.888705548838,11442.52
2021-01-09,17127.406906359745,11090.7650438937,22961.199010766184,18427.55
2021-01-10,12657.013388062653,7059.92501070908,18914.22453269698,17957.79
2021-01-11,11746.80665768414,6317.649140837706,17514.791652044318,11896.54
2021-01-12,11104.496876308436,5542.240977999039,17336.655071501515,12739.9
2021-01-13,11236.466286610726,5007.611796776998,17241.34431341554,12036.13
2021-01-14,12438.349562154255,6567.114112612563,17876.12680566166,13896.5
2021-01-15,14586.898011175686,8783.880507819025,20080.404750691265,13694.2
2021-01-16,16800.012925623738,11020.003322791532,22595.55500118689,19809.57
2021-01-17,12835.85929806623,7212.808437416415,18306.6268000189,19834.99
2021-01-18,12394.439381923228,6448.017501105301,17733.67250360577,14198.07
2021-01-19,12175.017649635936,6331.136958188592,18359.822329263505,5914.99
2021-01-20,12676.764105977563,6894.362570859954,18643.869602278985,8865.01
2021-01-21,14189.4712250735,8411.600387964823,20191.3590348738,15918.59
2021-01-22,16585.52655812019,11045.971088806158,22196.02458106264,18861.78
2021-01-23,18980.01166563164,13636.400481009896,24629.369822747933,22662.78
2021-01-24,15129.843945089406,9483.811574524112,20982.534948613844,13923.27
2021-01-25,14735.339603428629,9473.057919862054,20469.36261689952,12633.66
2021-01-26,14497.590366842544,8456.688473732409,19838.33912748297,13354.19
2021-01-27,14919.02287962193,9194.39708599562,20678.17353343847,10446.76
2021-01-28,16293.998941161692,10563.744592905496,22024.125679635446,13288.43
2021-01-29,18500.642303764176,13125.668632883924,24042.373573792334,15713.1
2021-01-30,20660.767042505027,14778.778542840078,26162.891728505707,19376.51
2021-01-31,16538.828979337104,10773.894127759348,22275.497550770862,29103.03
2021-02-01,15843.28373305004,9680.19213320169,20777.58384198036,17872.3
2021-02-02,15283.749570855513,9516.071762906706,20812.9638570125,18648.26
2021-02-03,15371.34970171808,9952.16162786218,20917.018085166867,19498.72
2021-02-04,16409.09779936102,10935.002911380288,21991.91788295776,21980.05
2021-02-05,18283.517915266344,12740.90356051587,23806.856763395182,22177.87
2021-02-06,20124.37888746059,14196.114596716963,26005.877214084845,29196.23
2021-02-07,15703.469347469892,9808.773777085047,21358.200863108614,18363.2
2021-02-08,14735.800929098416,8700.902956855449,20358.50660651481,14812.1
2021-02-09,13936.641202118812,7884.021328154956,19418.144261253517,10761.49
2021-02-10,13821.7535585869,8344.649981839422,19157.82911411319,11380.68
2021-02-11,14697.70961323232,8805.693334097223,19943.675493950515,17173.2
2021-02-12,16453.46622831023,10657.748858971094,21917.903223681988,17532.81
2021-02-13,18220.087331993695,12444.260206638291,23748.168499950545,28010.53
2021-02-14,13769.53592844592,7750.820575572017,19486.22018700143,18248.26
2021-02-15,12815.92237412208,7120.507794901833,18499.24452925686,12976.91
2021-02-16,12072.60821310454,6321.973221493666,17999.208393637204,11378.3
2021-02-17,12052.539930284069,6139.384502817705,17727.095452069876,15790.3
2021-02-18,13058.674780644373,6990.166866447106,19099.524291998485,13602.94
2021-02-19,14975.686959722065,9042.411958214696,20046.120341706373,12867.84
2021-02-20,16929.83017711506,11493.76650385726,22470.190732919746,20369.69
2021-02-21,12687.877690495989,7051.099532164692,18272.34278481881,18160.76
2021-02-22,11958.521527396222,6134.485908877317,17661.406097869152,9814.19
2021-02-23,11449.62590237445,5557.497190765788,17196.08792081845,10766.07
2021-02-24,11668.705105454092,5783.190003761359,17496.851145902634,10610.88
2021-02-25,12913.484249287174,7263.28548170561,18377.14637339722,15223.58
2021-02-26,15063.727781280577,9393.417954601997,21072.34107985798,15507.69
2021-02-27,17241.208961275534,11880.073543063872,22758.799637687534,18360.18
2021-02-28,13208.739065865551,7491.894819047835,19219.45182254077,14860.9
2021-03-01,12671.636365260269,6802.448009736753,18563.54248713941,16383.59
2021-03-02,12335.028842874372,6707.459538927679,18074.974581369548,13558.85
2021-03-03,12704.360549521323,7094.974968265657,18245.28389676277,13314.47
2021-03-04,14075.960237864168,8340.031624051193,19599.324381490176,15008.56
2021-03-05,16328.858054053955,10848.063908277882,22016.215516861157,14818.44
2021-03-06,18584.724921474288,12610.032691876682,24660.017990036085,17979.05
2021-03-07,14606.855311773226,9023.717985459038,20134.307880214845,20463.65
2021-03-08,14101.575805206146,8566.432146236193,19965.227339216544,14640.91
2021-03-09,13775.476098351355,8282.359457359336,20045.83579559877,11343.88
2021-03-10,14135.835275400914,8303.9386181083,19919.76699203881,12021.35
2021-03-11,15481.105046099849,9886.699027394685,21365.16584185812,13186.46
2021-03-12,17692.63880700625,11873.134973241253,23853.58099744185,16483.29
2021-03-13,19894.54421891365,14105.433311317644,25530.31394843506,27679.89
2021-03-14,15852.582762819326,10226.123263982328,21673.482270363053,19781.61
2021-03-15,15275.501351438012,9409.161693905347,20627.47927637101,14839.03
2021-03-16,14872.194872413753,9284.706025589596,20722.718431601555,20452.51
2021-03-17,15152.074347845402,9951.860231646371,21285.411323186967,15437.34
2021-03-18,16415.503824331627,10676.800427984032,22141.10854265639,22648.03
2021-03-19,18545.495786714084,12907.199003624404,24307.188343390622,17880.57
2021-03-20,20667.543175955125,15337.118450706286,26405.247798570817,23334.95
2021-03-21,16548.51148438553,10853.693419127769,22014.147352345542,18727.64
2021-03-22,15897.975370159043,9796.763181059232,21660.442595193705,16303.47
2021-03-23,15425.39770592351,9407.548495649762,21258.09685362396,13317.09
2021-03-24,15640.524335181282,9888.767810589066,20742.655620916,16910.26
2021-03-25,16843.855907770503,11455.629321058936,23008.055140314627,24531.75
2021-03-26,18918.38457704877,13440.648881077866,24919.937299244197,18090.64
2021-03-27,20989.47144028249,15212.79925382855,26447.416923984227,22146.84
2021-03-28,16823.785893970242,11362.855074925112,22599.189558758728,17216.72
2021-03-29,16130.689029073168,10390.418239241872,22181.26305092992,18746.54
2021-03-30,15619.456736915332,9842.761178369385,21883.460369736265,15919.96
2021-03-31,15799.71371005967,9814.53581124838,21420.54770400607,17459.97
2021-04-01,16971.93785445774,11013.034858737175,22658.857466340596,18016.55
2021-04-02,19019.22134120508,13498.144855302293,24521.3970829629,21961.28
2021-04-03,21067.1629846913,15404.940130790166,26401.70617834248,22736.85
2021-04-04,16882.812326465264,11552.363970103715,22885.955448699908,13475.65
2021-04-05,16176.047191014051,10888.526670604871,21968.515662806916,13967.75
2021-04-06,15656.78047113204,9940.592367128504,21543.23504814082,17052.14
2021-04-07,15835.367859586722,10170.435354956548,21209.135786507017,10560.87
2021-04-08,17013.077002384878,11377.913050081648,23018.227698503106,14765.03
2021-04-09,19073.805654859647,13461.998090914234,24565.527699362923,18274.95
2021-04-10,21143.92522561232,15594.768211104803,26725.34961290127,18902.24
2021-04-11,16991.17207691375,11339.424656248251,23000.475237351828,17745.75
2021-04-12,16325.970541756253,10217.987739098831,21935.123618023303,16687.12
2021-04-13,15858.585760145892,10137.132549088015,21837.843212447297,11660.11
2021-04-14,16099.480438055096,10458.62443584726,21670.204190451957,13600.18
2021-04-15,17349.7383598529,11623.07366745549,23350.08617443934,21551.24
2021-04-16,19492.7444680495,13769.663910557258,25285.61306586009,18253.42
2021-04-17,21653.999922111638,16151.042937671747,27480.241580065653,19489.73
2021-04-18,17599.996242789,11806.14470144134,23355.12214442132,14942.3
2021-04-19,17039.533895868888,11314.924403797111,22710.28191181844,13338.93
2021-04-20,16680.884385707097,10554.081307613187,22174.37401471733,10926.71
2021-04-21,17032.17048102288,11096.625229395771,22634.883599762907,16384.06
2021-04-22,18391.827430915306,12616.06783024872,24021.565783318216,12436.34
2021-04-23,20640.334508842825,15158.02210023539,26780.96474096842,17561.91
2021-04-24,22900.09431952433,17281.22218836975,28641.4709855979,20792.18
2021-04-25,18934.38251596569,12764.394901888403,24791.048126826387,21468.3
2021-04-26,18448.751374778087,12841.55604479819,24594.43772306584,16751.22
2021-04-27,18148.2839983378,12228.666635662106,23999.19543002552,15823.3
2021-04-28,18538.07113408973,12802.848478590724,24578.14987899284,19253.53
2021-04-29,19913.770582957783,14019.001003936675,26084.964170524152,18736.12
2021-04-30,22153.435482575,16568.500190969466,27952.025148674747,18463.14
2021-05-01,24377.485775956557,18576.67739857175,29753.40414121081,22484.38
2021-05-02,20347.74241597871,14799.254600280485,26132.511934797083,21847.78
2021-05-03,19768.904782905003,13831.77453983566,25360.887235372687,16047.04
2021-05-04,19345.86533821392,13666.487391536552,25190.10023523902,14764.09
2021-05-05,19584.231077280143,13600.754828959343,25439.532382472884,14574.51
2021-05-06,20780.909728035676,15252.369565560784,26472.894038632272,20920.28
2021-05-07,22815.94543362427,17012.35826371308,28711.31845592004,21131.17
2021-05-08,24812.477219730376,19164.31464656696,30602.036126501655,29428.28
2021-05-09,20535.739370032377,15106.45206814604,25963.196624883654,19033.33
2021-05-10,19694.48437147384,13882.521011439274,25498.40876375812,12618.5
2021-05-11,18998.22325838166,13361.1367724662,24706.782640912545,17031.41
2021-05-12,18957.65433591503,13510.0092959241,25066.79242024998,10756.59
2021-05-13,19875.14023241933,14044.54106705494,25512.2560321172,15690.15
2021-05-14,21636.42055976692,16208.544254555589,27512.966580133707,24761.41
2021-05-15,23370.436498091243,17353.84444826465,28810.85887936597,16291.69
2021-05-16,18848.189840685605,13091.86753630943,24403.46815162404,22945.26
2021-05-17,17784.020876790026,12356.694584104467,23440.572532788003,15422.32
2021-05-18,16892.703858382058,11075.951865095662,22789.171530501782,22314.19
2021-05-19,16689.735038815597,11255.736191275855,22108.868994829954,13122.47
2021-05-20,17481.677214839274,11171.263619535845,23287.17685498026,10383.58
2021-05-21,19157.751891065574,13525.463107597525,25297.98246016625,22132.92
2021-05-22,20849.55896748457,14810.112727573587,26852.44238077912,20567.89
2021-05-23,16329.84970428158,10196.836477190582,22206.858825701645,17593.25
2021-05-24,15313.74009690275,9307.774138386922,20687.111995584608,16491.93
2021-05-25,14515.765609368753,8822.215551319106,20552.063555019213,14689.19
2021-05-26,14450.15383224477,8829.209312315565,20189.396515616754,19199.09
2021-05-27,15421.179894618324,9798.539613721898,20830.89113987984,19184.96
2021-05-28,17314.7959309753,11358.612632403288,22757.85691545406,20393.05
2021-05-29,19258.4139529603,13302.136426626788,24888.483989660395,21544.1
2021-05-30,15019.766602444146,9708.568948155027,20974.112693433264,15422.26
2021-05-31,14308.230939762268,8390.34956941433,20380.29604381561,14521.18
2021-06-01,13832.013582030784,7879.137528747396,19294.48859524589,13700.61
2021-06-02,14098.570536647254,8360.896250703987,19871.462375792205,14022.58
2021-06-03,15405.122834093854,9541.044400026156,21376.97306633507,11075.89
2021-06-04,17630.455131267263,12234.848933926103,23587.17456513741,15531.66
2021-06-05,19894.87221324145,14030.307057865386,25705.826172361147,22865.33
2021-06-06,15959.233277249105,10329.331294603388,21749.62919548549,15880.82
2021-06-07,15526.444517368844,9806.753912404452,21081.093319932326,14757.15
2021-06-08,15298.803776372984,9380.17976027783,20831.01876971485,13522.5
2021-06-09,15778.566279475068,9503.184580061055,20976.117021794427,13601.38
2021-06-10,17258.588561765835,11628.429822520504,23120.73756546877,11608.37
2021-06-11,19614.2342253207,13806.2421975132,25890.0028779758,18815.74
2021-06-12,21963.41347656174,16568.812293315535,27852.573509222257,28489.78
2021-06-13,18065.673996568945,12746.391669092543,23422.06877734761,16680.12
2021-06-14,17623.7220479638,11962.257673285303,23494.12099413498,11236.66
2021-06-15,17340.76673702063,11987.780320821155,23191.6710452016,17410.7
2021-06-16,17721.056390200923,11780.827673955326,23496.009663912973,14241.34
2021-06-17,19060.464904894798,13449.03051103524,24418.30061058684,18726.44
2021-06-18,21238.313239467112,15458.786131325509,26991.41598438087,26454.35
2021-06-19,23377.3002668262,17293.17853120691,29148.952377058613,27764.67
2021-06-20,19242.46350106906,13533.357701702957,24992.673659597516,26476.98
2021-06-21,18542.552159302384,12434.09507427436,24349.036402981452,12124.75
2021-06-22,17987.20953943418,12008.327564140662,23139.237777357877,13620.81
2021-06-23,18087.33812583909,12111.075215511048,24332.872428261253,13315.42
2021-06-24,19145.51000047512,13832.9487659954,24624.7652544526,11040.08
2021-06-25,21047.612574886796,15389.264131516082,26907.86901994041,16698.08
2021-06-26,22922.608712855414,17026.469167954023,28894.60428491189,21233.12
2021-06-27,18541.336455955727,12674.426902784891,24221.293145856813,19351.9
2021-06-28,17617.735240748032,11649.17497212657,23382.33563949278,15282.35
2021-06-29,16865.899611962002,11232.298641492049,22872.657614992,14668.22
2021-06-30,16800.337349243884,11216.224023356062,22240.245212888596,16627.17
2021-07-01,17726.297472067665,11464.693082505835,23267.13973669504,17821.86
2021-07-02,19531.36032378564,13812.79123274794,25216.08041044626,27618.31
2021-07-03,21345.170225592454,15334.245978125682,27412.77819922316,28873.55
2021-07-04,16938.236528127145,10967.359334125218,22549.845332579705,18970.18
2021-07-05,16023.189741518328,10240.2208052898,22316.93407737385,9032.67
2021-07-06,15311.892725770002,9868.963497997884,21130.820239348057,10493.7
2021-07-07,15315.782029567548,9161.34963252303,21020.339884510293,11740.15
2021-07-08,16336.302324869946,10407.65480731978,21991.7624525997,16099.47
2021-07-09,18256.622894870467,12199.488330030345,23851.087977467352,19499.04
2021-07-10,20201.51290196656,14481.939862383231,26146.3947533469,20259.81
2021-07-11,15936.297020700971,9851.444243423784,21504.914780976345,13573.87
2021-07-12,15168.273540684808,9348.604321756824,20705.08778729488,17375.66
2021-07-13,14603.990139186344,8794.995282540043,20396.10861586482,12379.47
2021-07-14,14749.747584471066,9039.450263698413,20488.370690304528,10167.65
2021-07-15,15902.189518645817,10312.106798457531,21990.11853570878,15485.8
2021-07-16,17940.16275952536,12078.497573977404,23326.857484271222,14246.65
2021-07-17,19984.72063011788,14495.555035347836,25832.0896929599,19407.15
2021-07-18,15798.187173843056,10408.048446612356,21797.848299146885,19381.57
2021-07-19,15085.661210359724,9500.658206876758,20469.994556401754,15550.35
2021-07-20,14552.35295473913,9315.383000512991,20175.18559505649,16481.32
2021-07-21,14704.121729256698,8959.438056290295,20567.96563012029,7979.41
2021-07-22,15838.07198092888,10053.381903109746,21667.51555002659,15330.41
2021-07-23,17834.3919326738,12197.74589764298,23849.130836759938,20073.08
2021-07-24,19816.30809202508,13969.535100792633,25234.137641568155,20319.33
2021-07-25,15549.07499764434,10274.990166200016,21221.11290583958,15949.85
2021-07-26,14741.381442024798,8994.325291347799,20582.97488619544,11551.31
2021-07-27,14102.568872286229,8084.019462167263,19431.186882236238,11692.1
2021-07-28,14143.034084076182,7816.520291327944,19961.821614263037,11208.37
2021-07-29,15164.67751028593,9124.90632688097,20953.78199070116,12280.66
2021-07-30,17052.585901905477,11344.812201968556,22871.20089158381,15784.49
2021-07-31,18934.8273447996,13038.08644767315,24531.990527096623,16117.86
2021-08-01,14581.282822178253,9275.672179029712,20674.24865379318,12833.3
2021-08-02,13704.900359274958,7946.479831343478,19418.92762075152,10590.08
2021-08-03,13018.77207468878,7412.406327846885,19033.30789984439,13671.04
2021-08-04,13036.41056765376,7449.565448828383,19021.875856769624,18250.93
2021-08-05,14062.089800468631,8502.160476087449,20028.97877095577,10501.04
2021-08-06,15982.442616390845,10171.874705038004,21776.076564596195,17959.61
2021-08-07,17926.19547019911,12276.03977026014,23783.010072957008,18708.69
2021-08-08,13662.966520263057,7910.520103270131,19619.368083916543,14926.63
2021-08-09,12904.514247403333,7123.386244677211,18167.25993129157,11818.33
2021-08-10,12361.837227038544,6968.741887852194,18054.77078832033,10819.86
2021-08-11,12545.500942788847,7047.688931421447,18145.35944875124,9772.48
2021-08-12,13756.055449104508,8019.82820229014,19776.89308959441,12687.66
2021-08-13,15875.733842120822,10174.589698754384,21673.19059825532,12940.14
2021-08-14,18028.309262226037,12334.082489977713,23786.188820118765,17459.32
2021-08-15,13978.033038528409,7931.064299200906,19955.98823239224,13043.51
2021-08-16,13431.03707625667,8190.791563572762,19387.08840773012,11814.05
2021-08-17,13092.596623904312,6916.590582495423,18871.40736381884,15146.14
2021-08-18,13467.624525885703,7626.439186858299,19092.40247416704,10581.97
2021-08-19,14851.255835147162,8975.647076398342,20635.297391655105,9453.44
2021-08-20,17120.70780468335,11442.08039953018,23366.45465174022,17234.41
2021-08-21,19395.288180713884,13583.383743765417,25540.08072859249,25629.24
2021-08-22,15435.469888124131,9990.600536512193,21004.06247169568,21388.75
2021-08-23,14944.411105062283,9662.356784605672,20365.671851011382,10290.37
2021-08-24,14625.313296811504,8813.456878088038,20234.11034697813,21815.81
2021-08-25,14981.985392714523,9454.139765103626,20852.360464829515,10202.42
2021-08-26,16309.470790953472,10070.48939714381,21572.01201619843,9421.36
2021-08-27,18485.920819914605,12708.462263804602,23792.74568241737,13514.3
2021-08-28,20632.58703140294,14928.961430231491,26222.28465867619,28040.73
2021-08-29,16512.850730964143,10691.917175818891,22146.532570793155,19287.77
2021-08-30,15833.669911359326,10205.13123344118,21292.87668737209,20824.7
2021-08-31,15302.838152761891,9686.206968355496,20781.129343163782,13055.26
2021-09-01,15429.426434279225,9293.175489059684,20944.016602914904,12220.89
2021-09-02,16514.267988191346,10659.213192779283,22091.881308107797,18790.88
2021-09-03,18441.67388196602,12856.411320984284,23982.509988128277,17263.5
2021-09-04,20339.256183965063,15164.69190246358,26226.299622890645,18470.99
2021-09-05,15976.78200618935,9920.663469342402,21705.874530760462,17266.89
2021-09-06,15067.443630520662,9898.517320924975,20989.57680003655,20972.9
2021-09-07,14324.944395225462,8362.485505436971,20052.873745596404,11331.46
2021-09-08,14263.776300253166,8261.197852510983,19728.34808563048,10829.09
2021-09-09,15189.554236454507,9641.871361045136,20302.051797036176,16127.18
2021-09-10,16990.598894152088,11722.693289438614,22931.854095903625,13597.81
2021-09-11,18797.649113198306,13227.976244945276,24558.993471261427,19509.52
2021-09-12,14382.630180514869,8849.60244347384,19752.223494380894,17599.63
2021-09-13,13459.86581874693,7540.87917746509,19008.629427579923,11072.96
2021-09-14,12743.1352597599,6837.389079272843,18335.50803930457,13221.09
2021-09-15,12745.9522294649,6917.176556827892,18740.01485331881,9792.7
2021-09-16,13771.930736535109,7948.712033855348,19166.764219592533,14882.82
2021-09-17,15706.42882667826,9905.456763969054,21430.771289057622,17966.31
2021-09-18,17676.349312984566,12327.712533309754,23225.21995666503,16265.82
2021-09-19,13449.02142881824,8147.671125857581,19352.663006588144,16237.7
2021-09-20,12733.547853090146,6629.960130142371,18408.45426789166,11481.18
2021-09-21,12238.014567663831,6160.970491850098,18218.9016680575,12723.82
2021-09-22,12469.935914661211,7034.7874713959945,18291.907141043263,11896.04
2021-09-23,13726.794891574496,8124.5626607085505,19074.82298860466,10275.82
2021-09-24,15887.864737696738,10585.67299268952,21672.935308965574,10054.19
2021-09-25,18074.185610099168,12363.300187412831,23356.175212163605,19816.94
2021-09-26,14047.61513235737,8327.208034479982,19777.459907446053,15784.74
2021-09-27,13512.332303699495,7506.856053074069,19742.422865712542,12364.12
2021-09-28,13172.187613731268,7224.670869012042,19075.674135596524,10465.42
2021-09-29,13531.267600182786,7848.701081895055,19382.966013849757,14239.15
2021-09-30,14884.530364309214,8992.952397648975,20554.73932007764,16005.88
2021-10-01,17109.695282421868,11054.93768363975,22845.35969042744,13027.49
2021-10-02,19327.258718385758,13627.536283412464,25073.13372698792,19481.65
2021-10-03,15299.55332343598,9418.20800352352,20989.869041145143,15517.02
2021-10-04,14732.23019080192,8604.778202136958,20338.60728843496,14019.34
2021-10-05,14331.55733343101,8808.912301336699,19937.950245040625,12076.91
2021-10-06,14604.904257181184,8526.936887140744,20342.13847646385,8639.1
2021-10-07,15851.271520928924,10526.917218006543,22096.945930795544,10869.27
2021-10-08,17953.05167949561,12342.190482019072,24098.647928629525,11533.56
2021-10-09,20035.89723359177,14042.395808785846,25553.063177081192,19304.81
2021-10-10,15867.617628427804,10189.152629294971,21335.41638158412,13088.12
2021-10-11,15159.489387817644,9872.057244168747,20983.9799766727,12401.46
2021-10-12,14623.37803565745,9037.685077355756,20550.035603045177,10571.66
2021-10-13,14772.04688789288,8853.906459549311,21006.436127869067,13390.6
2021-10-14,15909.516915304424,10185.84656824245,21846.697446107995,9082.1
2021-10-15,17922.669218695035,12179.567622006063,23639.046179092296,14745.93
2021-10-16,19940.97057009704,13985.634837067691,25821.513408297335,25602.3
2021-10-17,15735.248430026262,10175.78868870936,21336.93155462925,16367.8
2021-10-18,15018.903303238383,8997.98161809401,20689.14677456208,13150.97
2021-10-19,14504.960153389306,9226.83651236513,20178.031731987965,13597.34
2021-10-20,14706.336226543925,8824.048090373624,20215.14243490873,8260.89
2021-10-21,15926.190877595742,10158.685822810969,21887.03642867337,17493.71
2021-10-22,18049.549416617192,12621.228576979329,23696.22775607732,13187.84
2021-10-23,20203.08096594504,14207.157794292634,26441.97525827497,20826.38
2021-10-24,16153.955346523748,10692.447770964583,22081.288334350684,13704.62
2021-10-25,15611.164570636343,9930.052747369176,21173.769308276656,14087.26
2021-10-26,15282.707545425566,9711.0946785266,21194.670385185625,15392.77
2021-10-27,15676.011477010175,10060.561029990664,21450.08007264566,16951.68
2021-10-28,17088.451074672248,10920.090273247995,22801.06765447949,12948.7
2021-10-29,19399.152571672697,13627.568347755678,24843.901253247703,15501.01
2021-10-30,21728.957191502643,15841.367972024666,27174.25389171308,22030.36
2021-10-31,17839.46351014215,11894.763833240004,23276.368152923627,18764.97
2021-11-01,17434.52868045698,11494.661677376816,23532.966167815077,17537.61
2021-11-02,17217.621633633025,11385.249529465103,23168.022499071063,14448.7
2021-11-03,17692.396542507693,11676.095007143607,23535.531499896428,19461.06
2021-11-04,19153.34288044579,13334.068522856847,24634.980307488026,21511.99
2021-11-05,21477.69490941577,15958.15131147822,27046.718092689214,19633.73
2021-11-06,23785.47175306103,17796.641698452422,29293.62237686055,21312.19
2021-11-07,19838.564850415933,13689.132042265432,25410.672966763264,19036.26
2021-11-08,19342.251002932084,13627.65753340115,25001.526923345093,19471.61
2021-11-09,19002.523337791958,13462.511425908537,24659.683545147447,33651.75
2021-11-10,19326.608672635422,13231.917432088669,24896.17802583713,22052.85
2021-11-11,20613.52881070315,14626.020982119246,25958.51404004935,19294.72
2021-11-12,22745.89076504834,17412.395633917156,28348.659474267577,18984.88
2021-11-13,24849.780147703397,19467.660205414824,30854.32641863409,29131.5
2021-11-14,20693.678434073976,14936.24629983978,26485.113936825437,28415.19
2021-11-15,19989.786958599943,14205.318868702008,25928.93753599385,27950.1
2021-11-16,19451.155210189903,14220.08451413357,25471.05456829224,19441.6
2021-11-17,19591.987613634752,14317.29434028278,25275.67817356603,23193.17
2021-11-18,20717.992324800176,15425.840893009368,26970.0834562258,28140.62
2021-11-19,22717.963163810287,17030.96015404286,27985.161412804333,24735.91
2021-11-20,24723.47500185281,19017.718386137112,30625.750121158988,38521.38
2021-11-21,20507.61917066017,14776.91875834978,26630.61532519812,20460.11
2021-11-22,19786.167220529496,14304.803141848895,25733.54366671349,19362.73
2021-11-23,19274.56551653122,13643.549513977894,25145.27761709395,20187.36
2021-11-24,19488.139087426192,13393.164859050195,25438.953057534934,23303.81
2021-11-25,20732.371664086924,14883.543110838687,26406.328975620087,7865.91
2021-11-26,22894.455518303195,17159.151767722917,28364.845956721485,56971.55
2021-11-27,25102.99290292576,19409.43223719493,30870.866995783905,26080.84
2021-11-28,21126.77609618097,15339.864328472217,27458.98393033633,21214.47
2021-11-29,20676.03373696969,15080.06718703733,26096.807460689928,34818.16
2021-11-30,20459.54423688785,14717.162683369254,26427.685965892862,16618.22
2021-12-01,20984.991954057376,15506.473253144186,26734.04688399593,20422.13
2021-12-02,22549.42937758804,16664.678289108542,28432.86325763884,12619.42
2021-12-03,25031.034381641493,19440.42497938228,30585.933324475944,21600.98
2021-12-04,27549.03905386412,21188.068778656107,33322.88331352824,37980.46
2021-12-05,23862.751200813334,18168.248252332243,29826.991978113478,20074.41
2021-12-06,23673.04987141921,17873.866770766184,29513.79464196633,24331.22
2021-12-07,23679.749064283067,17997.973970371742,29329.04350203036,23745.09
2021-12-08,24382.19858963108,18323.454147040884,30168.457782723974,24403.52
2021-12-09,26069.9787094119,20670.907239325374,31888.34493617569,36344.77
2021-12-10,28614.87125993657,22841.69620057736,34515.28797522588,38462.01
2021-12-11,31130.977853053784,24837.66711677762,36868.55254270368,25750.81
2021-12-12,27373.900958871705,21942.573890991604,33333.74632098979,24117.61
2021-12-13,27042.36466815152,21483.827329514017,32867.56929796246,38493.57
2021-12-14,26835.665641078103,21296.845140176058,32370.4504447829,26672.25
2021-12-15,27254.320541003308,21452.093633202003,32913.49339290279,42439.02
2021-12-16,28590.76496854446,22856.587898915663,34778.19519606055,43854.94
2021-12-17,30721.28610378974,25136.768770832638,36499.371731041545,41798.92
2021-12-18,32766.06028517017,26778.01345504177,38422.72346207661,55183.58
2021-12-19,28488.213076860036,23414.655061022648,34543.82273571231,32137.63
2021-12-20,27595.28144428308,22078.8598832919,33239.65503891573,44612.12
2021-12-21,26796.47236606949,21083.410686111325,32546.977039084875,33835.98
2021-12-22,26603.088902798096,20943.03613787153,32290.326613693207,35805.17
2021-12-23,27318.984235714783,21443.21719225336,32690.19970603878,38336.58
2021-12-24,28832.232011320066,23299.378634283195,34398.8664881436,27670.03
2021-12-25,30274.89081686389,24509.9853351265,36433.78545733106,16091.31
2021-12-26,25421.787228333924,19776.96016406691,31177.2856271921,17478.14
2021-12-27,23991.704050450437,17717.19787496764,29269.46846225295,24882.39
2021-12-28,22704.375002077533,16873.927453447483,28577.844749301978,22386.53
2021-12-29,22080.66353418209,16495.461537660914,27357.86011579213,28075.18
2021-12-30,22432.79252583232,16855.17984629697,27847.03216087827,40928.42
2021-12-31,23655.81882888272,17660.583256736907,29370.67159704562,30104.39
2022-01-01,24887.235375263303,19025.673618581262,30578.89033842204,11855.4
2022-01-02,19905.6293056413,14351.731329002194,25757.397721474128,14237.3
2022-01-03,18431.785780496342,12466.203560115431,24294.039028498384,11295.08
2022-01-04,17185.640717391638,11710.947475442515,23107.691643406702,13693.58
2022-01-05,16686.46103216499,11420.585075234005,22032.70408883253,17339.87
2022-01-06,17243.118902661394,11448.553489948174,23715.238838117395,16326.18
2022-01-07,18745.652692743683,13192.843176514718,24080.36083272453,18781.79
2022-01-08,20324.99485356374,15136.714906206578,25780.9357168932,19213.5
2022-01-09,15751.791868802393,9991.831771848736,21239.36691652381,16686.56
2022-01-10,14737.70161447432,9080.69860792458,20303.91318657024,20557.4
2022-01-11,13992.566306576322,8234.775783368868,19949.89508445392,19802.37
2022-01-12,14024.833904043146,8299.001104270388,19757.74232623066,16511.65
2022-01-13,15132.08828989825,9347.098282835885,21102.71536855957,11228.91
2022-01-14,17192.874355048472,11616.392406758074,22775.405598555662,22230.88
2022-01-15,19326.691644367624,14006.266127476514,24943.46221252233,20881.24
2022-01-16,15293.075006849242,9628.145349402956,21100.2045176414,14095.82
2022-01-17,14793.141202118655,8902.65896119271,21004.160375877644,16977.3
2022-01-18,14526.993590413913,9130.90287443944,19907.36353559724,13690.4
2022-01-19,14994.35225526444,9212.779731727996,21084.749194584198,23157.26
2022-01-20,16485.26502929679,10830.238667248925,22022.471449919507,18181.97
2022-01-21,18872.081480997414,12929.732857003924,24740.858536549404,20704.49
2022-01-22,21269.56033739458,15373.227084168046,27199.83085915265,23108.41
2022-01-23,17434.026553908876,11820.64710131728,23085.716165114205,16693.96
2022-01-24,17064.95575212116,11091.736411150374,22752.33896368713,12990.16
2022-01-25,16862.377937722027,11322.808159790467,22676.713070569564,13712.07
2022-01-26,17327.468639404924,11485.661429556556,23344.104835008973,11107.62
2022-01-27,18753.1846998947,12771.491909016988,24328.858449568157,20291.93
2022-01-28,21016.12944373188,15264.325011122042,27255.08641970556,16894.97
2022-01-29,23236.521183577883,17210.99597743853,29463.9049185514,25116.05
2022-01-30,19177.185474672755,13686.941204911478,24935.31822338929,18529.53
2022-01-31,18544.953623839567,12713.047811589417,24505.653705998146,12385.73
2022-02-01,18047.86459892249,12669.24148120582,24122.071069847632,16281.16
2022-02-02,18195.544011429945,13004.399901221936,23855.23757575113,12436.07
2022-02-03,19289.623080687063,13358.604745719042,25112.06063670415,14044.67
2022-02-04,21215.387969600062,15604.779184411313,26797.103083036185,15301.05
2022-02-05,23101.53895555115,17213.300532365534,28355.741930305576,24552.33
2022-02-06,18718.98503897925,13102.336030905746,24309.577146871536,17939.1
2022-02-07,17782.061246580553,12084.48613426768,23703.12762042713,14316.26
2022-02-08,17005.56996352503,11154.890781742644,23156.848982935047,14620.52
2022-02-09,16905.023493999768,11241.853668004946,22909.520589675776,13493.83
2022-02-10,17786.95354182579,12021.60973231297,23542.43755535365,18249.59
2022-02-11,19540.479983778987,13843.859574798813,25340.048361503697,28631.86
2022-02-12,21297.01954655221,15152.627686788546,27262.98107040102,29449.51
2022-02-13,16829.060291891743,10983.498852561064,22861.844761230463,20125.39
2022-02-14,15851.388636898644,9894.812557538393,21357.006891164347,18881.35
2022-02-15,15078.168919539425,9070.305801491162,21072.73432971833,10668.92
2022-02-16,15023.250648012538,8895.018168408953,20750.39863160765,10271.69
2022-02-17,15990.566407051472,10530.42397208392,22314.58493606975,22711.47
2022-02-18,17865.809512112384,12140.673822780049,23948.954220803786,12406.18
2022-02-19,19776.26828634525,14015.349448861169,25480.470628593463,19133.28
2022-02-20,15489.738793896931,9705.481748725191,21231.45626440531,15835.59
2022-02-21,14715.898475996,8928.389226916019,20724.147457726325,20636.63
2022-02-22,14163.536338987662,8167.333614385389,20503.77705516071,11229.58
2022-02-23,14341.010519053229,8447.508645306814,20172.5853827198,18966.96
2022-02-24,15546.79205288761,9427.917597028332,21138.24584538766,15048.09
2022-02-25,17661.280086690716,11878.312322318954,23311.23508572141,18035.13
2022-02-26,19806.76192786402,13554.159517562975,26181.37607446114,17667.07
2022-02-27,15746.43678015191,10386.918624480182,21216.265245682407,19538.17
2022-02-28,15185.883165816873,9070.671176276406,20283.266653257728,11823.71
2022-03-01,14830.36384535685,8943.987645617222,20317.12415633567,14395.09
2022-03-02,15185.33785920942,9549.232684506169,20585.85198966704,13900.85
2022-03-03,16547.03797390593,11120.924404775644,22272.24044108741,15756.26
2022-03-04,18794.298864581157,12979.016159387043,24052.697818204342,11729.1
2022-03-05,21048.51015964515,15187.239916698263,26702.18751183702,18449.65
2022-03-06,17072.61448735128,11373.445361662732,22739.825238036938,18326.02
2022-03-07,16572.532343722003,10853.570559080808,22619.275419534817,15645.63
2022-03-08,16254.409850804155,10600.32885608562,22383.19424583089,14830.63
2022-03-09,16625.061643792847,11093.439401435728,22622.04695506473,11745.79
2022-03-10,17982.470043803853,12409.94138063208,23726.89530745285,14856.48
2022-03-11,20207.528882230108,14382.409326163186,25840.83294879537,15889.18
2022-03-12,22423.909192299165,16694.37439571377,28676.06409187484,19818.22
2022-03-13,18396.96995173749,12922.646227898,24263.23384616749,19658.32
2022-03-14,17835.098595523297,11931.152305281892,23362.58578105799,14075.02
2022-03-15,17446.880032721267,12142.377589442764,23350.05766980417,18566.69
2022-03-16,17741.468755042442,12270.481799704978,23571.115621469195,10481.09
2022-03-17,19019.027159126428,13386.139496450556,25052.59509758189,17434.32
2022-03-18,21162.419975659268,15448.388962955743,26711.168455895928,16467.64
2022-03-19,23297.043072448312,17643.55790461952,29387.39568467016,20945.76
2022-03-20,19189.71036917516,13319.853406488612,25055.02066820066,14213.48
2022-03-21,18549.983635930927,12334.86240710846,24075.79621408522,21465.06
2022-03-22,18087.343474206777,12220.88717754713,23862.77331435801,10211.34
2022-03-23,18311.57517416926,12944.975833061028,24157.06379426959,18844.25
2022-03-24,19523.231262154237,13826.265591617412,25163.847870871763,16531.26
2022-03-25,21605.35896747066,15968.162203361742,27675.20023731489,13881.98
2022-03-26,23683.36892461383,18389.434482423258,29613.567882950963,20484.64
2022-03-27,19523.966688947487,14023.137820638169,25339.187177472213,16909.96
2022-03-28,18836.52955414056,13253.737982641036,24794.752764897265,9821.43
2022-03-29,18330.324648412523,12782.491374141504,24283.19085885733,15508.01
2022-03-30,18514.93973319197,13047.527454567617,24328.20187719984,16440.97
2022-03-31,19690.78638266625,14031.42916464785,25212.523705338623,16398.53
2022-04-01,21740.861852705995,15903.796960866524,27294.046588884597,
2022-04-02,23790.644320130665,17970.466527517063,29401.94702951893,
2022-04-03,19607.041780914,13739.012581710014,25582.64546172129,
2022-04-04,18899.77619948918,13318.109526616969,24535.180193762342,
2022-04-05,18378.598416821445,12827.856017987324,23952.99356233096,
2022-04-06,18553.7052161346,12431.51562997799,24327.024806871606,
2022-04-07,19726.21864674197,13858.807501107489,25519.07949941538,
2022-04-08,21779.914769329964,16150.703362719085,27612.00387964994,
2022-04-09,23841.07776205419,17739.261123521414,29432.216148274096,
2022-04-10,19677.40129363385,14091.461115703256,25062.68427775381,
2022-04-11,18999.32067582738,13452.162311147107,24683.05907411774,
2022-04-12,18517.17345747277,12842.529424478358,24824.39526310666,
2022-04-13,18741.56217015419,13142.670265172592,24035.802590592783,
2022-04-14,19973.781711381765,13834.581329847048,25486.67205590928,
2022-04-15,22097.50090056349,16281.95254251504,27829.135033829487,
2022-04-16,24238.576418203527,18262.89169521706,30304.609654527903,
2022-04-17,20163.923119968884,14162.386987491816,25865.50148682942,
2022-04-18,19582.82605715333,13666.282063406854,25071.149773375484,
2022-04-19,19204.0933474508,13352.33348799295,24888.84809676961,
2022-04-20,19536.42468820072,13786.976069479422,24853.242421314662,
2022-04-21,20878.85863223737,14757.205324045532,26531.194071753165,
2022-04-22,23112.48831306943,17552.029257614773,28905.54462230704,
2022-04-23,25360.3234804052,19718.90098476787,31317.244325063435,
2022-04-24,21386.22198469659,16218.066796505902,27212.586112256744,
2022-04-25,20896.27470122937,15245.821244093282,26579.563357947754,
2022-04-26,20596.041238987244,15201.1793638538,26264.6107006132,
2022-04-27,20991.00901842524,15450.063846208375,26734.23848299775,
2022-04-28,22377.136281646064,16696.0723896408,28043.46300160113,
2022-04-29,24632.665891477354,18965.21363240681,30043.05471821098,
2022-04-30,26878.08476120532,21054.288804981363,32748.29640994082,
2022-05-01,22875.14893851612,17241.443507150936,28361.77403425856,
2022-05-02,22328.35522064515,16557.0238972115,28086.508511301,
2022-05-03,21942.25363460472,16272.696685857118,28442.49786720743,
2022-05-04,22221.97055583926,16278.760327794,28105.523603860725,
2022-05-05,23463.800513230475,17656.558184120866,28995.380686394885,
2022-05-06,25547.051404099817,19805.156523328857,31395.953001798884,
2022-05-07,27594.016287696963,21828.05087323356,33192.632692583305,
2022-05-08,23368.990631351884,17604.569702291632,29596.244414329198,
2022-05-09,22579.71531046304,16719.861535643257,28067.694004602425,
2022-05-10,21934.63972597413,16048.24774188983,27812.992343498747,
2022-05-11,21943.37546336208,16319.738821035196,27455.413681416117,
2022-05-12,22907.199807706314,17699.008990061808,29106.81225880252,
2022-05-13,24710.79569853881,19246.430629563463,30563.87396887429,
2022-05-14,26482.10370459483,20731.558199703257,32691.807279271845,
2022-05-15,21991.20779654445,16424.712314550026,27794.08125011541,
2022-05-16,20951.63854022973,15274.76093534945,26462.437211646647,
2022-05-17,20077.491723372084,14808.666251613688,25905.43391005024,
2022-05-18,19883.73671690771,14064.730071132968,25526.597169514756,
2022-05-19,20676.577880751065,14716.687342514291,26401.863895666724,
2022-05-20,22345.05959719938,16490.65294836513,27753.817192898263,
2022-05-21,24020.794398272268,18043.57104683636,29293.65177968772,
2022-05-22,19476.739623733083,13415.230278805302,25184.539489622694,
2022-05-23,18428.40955202158,12665.772402212864,24450.00457874061,
2022-05-24,17590.923896660817,11495.715174707682,23502.47921957265,
2022-05-25,17479.26931717806,11618.156732623176,22819.52171989008,
2022-05-26,18398.638994484063,12664.735123436798,24532.14185632259,
2022-05-27,20236.04192609817,14875.434270546031,26689.33601659595,
2022-05-28,22120.06177069648,16242.712219801022,27439.198819629702,
2022-05-29,17819.690311660164,12075.627534674371,23316.92432663521,
2022-05-30,17045.621383940528,11488.423795329598,23033.172081199536,
2022-05-31,16507.404349851076,11090.795418366828,22151.5959558918,
2022-06-01,16713.83129723916,10834.317882466115,22645.584877714376,
2022-06-02,17963.419928936615,12108.50559002808,23728.746976729057,
2022-06-03,20136.18019069761,14277.432079989863,25739.289765934525,
2022-06-04,22353.540428474767,16432.218706804746,27882.159510454032,
2022-06-05,18377.3537845634,12496.898801691896,23634.09426976018,
2022-06-06,17911.366115338566,11884.80253934559,24023.45267553516,
2022-06-07,17658.539878997763,12442.899091509387,23638.69616532303,
2022-06-08,18121.603584965043,12444.809641599342,23836.213840359072,
2022-06-09,19593.684376258512,13850.449718388543,25094.40214832964,
2022-06-10,21950.207704530814,16085.892262682928,27407.947104522184,
2022-06-11,24308.93622899287,18598.014782925064,30037.987083146338,
2022-06-12,20429.065522784844,14763.531152309844,26507.481515782118,
2022-06-13,20012.75536975233,14170.670292843097,25847.98454966612,
2022-06-14,19762.48930066856,14391.887312572866,25214.943808377822,
2022-06-15,20181.63091695969,14251.524924399026,25924.575713184546,
2022-06-16,21565.034319118884,15357.904545967316,27525.17476764163,
2022-06-17,23790.8931466126,17483.315126028203,29769.98481909182,
2022-06-18,25980.70169728213,20257.53417610034,31732.009538845712,
2022-06-19,21898.247802417904,16214.459491148604,28082.06131016236,
2022-06-20,21251.01903311118,15643.028019996662,26984.851152402192,
2022-06-21,20747.418303848783,15181.37091035914,26587.41026167315,
2022-06-22,20897.161367429293,15125.038337835564,26153.86845944764,
2022-06-23,22001.717884992893,16299.740501562046,27448.183943761356,
2022-06-24,23945.985241662544,18319.89484449379,29645.35716616694,
2022-06-25,25858.07340565424,19869.28339835894,31895.14790908451,
2022-06-26,21508.12536685773,15613.59671840128,27172.767796350505,
2022-06-27,20609.55948165682,15079.466988412629,26234.89629116556,
2022-06-28,19876.13429773275,14097.040989378202,25395.90495632628,
2022-06-29,19822.212488652745,14062.055049289263,25606.046211904348,
2022-06-30,20753.08922718296,14620.447394870183,26432.435812836164,
2022-07-01,22556.57721798594,16728.47699617074,28526.20567462877,
2022-07-02,24362.72905525198,18627.897097160007,30196.310749936627,
2022-07-03,19942.62305816444,14288.944122211476,25308.985714636245,
2022-07-04,19009.599730311344,13241.217593391102,25234.513277148548,
2022-07-05,18276.349415138266,12954.804445326286,24299.410847906754,
2022-07-06,18255.226954237954,11990.732509011405,23915.67298264413,
2022-07-07,19248.65705680774,13453.736766751435,24836.509745628155,
2022-07-08,21140.820229441757,15270.466967962184,27133.53543457333,
2022-07-09,23057.49687800281,17226.79023431441,28894.64973637471,
2022-07-10,18764.992086955528,13436.904388853416,24531.812051638048,
2022-07-11,17971.52408629531,11741.057393075218,24042.092528806712,
2022-07-12,17384.472474432463,11557.9692023956,22641.02582935815,
2022-07-13,17510.857262777885,11557.735210628703,23660.44596478797,
2022-07-14,18647.90760988728,13252.34871492282,24751.67862491313,
2022-07-15,20674.90529578629,14802.51492666422,26847.41444910969,
2022-07-16,22713.17593108,16980.66791204242,28233.971921539895,
2022-07-17,18525.14610520053,12817.871942412545,24386.884703022424,
2022-07-18,17815.84562513348,12360.143538881812,23456.34681246981,
2022-07-19,17290.24760840376,11694.38019255181,23450.779190191653,
2022-07-20,17453.814843381024,12065.427666806703,23081.88625596024,
2022-07-21,18603.10936086754,13102.378174927868,24330.3390220516,
2022-07-22,20617.649129442845,15270.73694658546,26249.856539715165,
2022-07-23,22619.884550338906,16749.441586301436,28120.442712858083,
2022-07-24,18374.213465575904,12623.529623126216,24404.222741397854,
2022-07-25,17588.415154719936,11644.346850231645,23533.132729548848,
2022-07-26,16970.898182380475,11220.707046952271,23050.13311467585,
2022-07-27,17031.133322272886,11078.04472892435,22846.49505921157,
2022-07-28,18070.13194519248,11589.11636752172,24280.977092552333,
2022-07-29,19972.1577569782,14459.58996320697,26393.777590458594,
2022-07-30,21864.54894838388,16239.444994224908,27673.36304511559,
2022-07-31,17516.57414076589,11723.124152843951,23222.179127159696,
2022-08-01,16640.707418380087,10921.24105854605,22617.79815008698,
2022-08-02,15949.722128666355,10396.885677413358,21544.374030015384,
2022-08-03,15956.979356106684,10289.061448332925,21624.15780687721,
2022-08-04,16966.775858617773,11078.61652803361,22839.14397866789,
2022-08-05,18865.943345201336,12789.07156528401,24770.9247747294,
2022-08-06,20783.579621423338,15338.517454825227,26997.32123664137,
2022-08-07,16489.837819252178,10905.583898665527,22039.7382785998,
2022-08-08,15697.16111774703,9395.041262175331,21104.67907512391,
2022-08-09,15117.363970428309,9281.360425715242,21458.64084659223,
2022-08-10,15261.936255836354,9687.856714868694,21040.75547851213,
2022-08-11,16432.4348121723,10803.713657807975,22004.486981890277,
2022-08-12,18512.153073137542,12795.309917601202,24195.543616564235,
2022-08-13,20625.947370311664,14346.212918158935,26533.906216914216,
2022-08-14,16539.14341208576,10746.510361078876,21810.435480316788,
2022-08-15,15958.906973034516,9967.087448986516,21704.37475777796,
2022-08-16,15591.475867352448,9977.33609278728,21483.241340336524,
2022-08-17,15942.625227012655,9939.626662946435,21318.337274531183,
2022-08-18,17308.22582350583,11746.038369976386,23138.61506721193,
2022-08-19,19566.081241363085,13921.439587711937,25416.687768798387,
2022-08-20,21835.917516417703,15834.148298275475,27279.683250403497,
2022-08-21,17878.44389999365,12604.235994565672,23728.385457244567,
2022-08-22,17396.86417982826,11668.981788858022,23080.217842776536,
2022-08-23,17094.23141142843,11319.781745906372,22656.368189883688,
2022-08-24,17474.01436893252,11646.063519899386,23299.83395799726,
2022-08-25,18830.732361900416,13089.214877723003,24857.19270333594,
2022-08-26,21041.84184650194,14899.027810333218,26710.179319997795,
2022-08-27,23227.746848955416,17292.20716062272,28994.874679921293,
2022-08-28,19150.85110154813,13546.779469727184,25116.24480108897,
2022-08-29,18517.03142057066,12939.153132156249,24303.86162841713,
2022-08-30,18032.926137612725,12405.058827815024,23698.678783340318,
2022-08-31,18206.408684890437,12328.159441199734,23867.938083502275,
2022-09-01,19337.105556468163,13511.923879355649,24888.53128161011,
2022-09-02,21308.145360094622,15292.445264647671,27029.476446258886,
2022-09-03,23246.01488019783,17687.41040970937,29003.50688669407,
2022-09-04,18919.444459135982,13139.215413494288,25247.346081940606,
2022-09-05,18040.707008898105,12259.54748600928,24282.128445556427,
2022-09-06,17322.72948468179,11228.905386421638,23168.785967455504,
2022-09-07,17279.39203183924,11739.444212080369,23328.12586407709,
2022-09-08,18215.87907978456,12467.139945752207,24583.181822238632,
2022-09-09,20020.27394250542,14147.416547557694,25892.86914996856,
2022-09-10,21823.277341432964,16135.681725529936,27302.69631979237,
2022-09-11,17396.97617116098,11809.776594200674,23376.48590639264,
2022-09-12,16456.05023222179,10706.933866112988,22301.160883918965,
2022-09-13,15714.818472348676,9764.311597304446,21551.878297564635,
2022-09-14,15687.501873952078,10096.847933556386,21622.22349926589,
2022-09-15,16678.568345971515,10925.880039193871,22460.73381402177,
2022-09-16,18574.351388500367,13019.105342524585,24536.543509528605,
2022-09-17,20502.82227113036,14789.949897192728,26495.601672061977,
2022-09-18,16232.440504810904,10515.987934271488,22463.32851515541,
2022-09-19,15473.467967760558,9320.132933630175,21689.660895751364,
2022-09-20,14935.14510869806,9491.958471486449,20962.92718734712,
2022-09-21,15126.102580991375,8941.83967138888,20835.459413322485,
2022-09-22,16344.869326842354,10410.23225730114,22883.68429982484,
2022-09-23,18471.66411133548,12362.004598141632,24821.244678884304,
2022-09-24,20628.34518871553,14601.69348673506,27117.427733572276,
2022-09-25,16577.437680064875,10786.7550477811,22372.80066930402,
2022-09-26,16023.61883313867,10066.777074970303,21555.34265965751,
2022-09-27,15671.05456107596,9785.396342974876,21359.57964699773,
2022-09-28,16023.955898872542,9870.572047750711,21496.75101544022,
2022-09-29,17377.212133175082,11662.524182263016,23265.01100598352,
2022-09-30,19608.2839196086,13420.162217846388,25455.20671462764,
2022-10-01,21837.22807229293,15713.178267210718,27436.293850107704,
2022-10-02,17825.771384527918,12625.246702588836,23481.58969870861,
2022-10-03,17278.812277131663,11847.930610607713,23257.54752309613,
2022-10-04,16901.743183974424,11106.329013498062,22925.05794378911,
2022-10-05,17200.96273157962,11353.59891890656,22536.407522918547,
2022-10-06,18474.43578055692,12579.588513095032,24546.52303921436,
2022-10-07,20603.486813628624,14909.840713729009,26505.76861089184,
2022-10-08,22712.70132184104,16587.242950649754,28424.207984038378,
2022-10-09,18568.856225926964,12751.697460474124,24736.801823710604,
2022-10-10,17882.262411393654,12007.476392768329,23632.91736083621,
2022-10-11,17363.917048561932,11368.716061650275,23033.156115545346,
2022-10-12,17525.83985590903,11515.922047284885,23369.976242736677,
2022-10-13,18671.456665876696,12736.447335322153,24369.10218007585,
2022-10-14,20687.22110311929,14757.398952868169,26440.365289003777,
2022-10-15,22702.35422796077,16945.22957049356,28734.684355558948,
2022-10-16,18487.62810434609,12809.41571672005,24482.63247895306,
2022-10-17,17756.58086747401,11932.939431840568,23320.719598296557,
2022-10-18,17222.564897721822,11317.769274277838,22701.17161873322,
2022-10-19,17399.005513979126,11447.96018857862,23140.320254173224,
2022-10-20,18589.73602071991,12825.128882639036,24598.1727320152,
2022-10-21,20680.60153584709,15144.82894090132,26718.206637043982,
2022-10-22,22799.212160093437,16707.2267401555,28450.11924706177,
2022-10-23,18713.771219303453,12434.863074719677,24780.53762275496,
2022-10-24,18134.364992993687,12075.167900673248,23971.485188278508,
2022-10-25,17770.113469289823,11790.588546551864,23939.5949759896,
2022-10-26,18129.55662370296,12207.589739096678,23814.7135918564,
2022-10-27,19511.13837245469,13638.883996155811,25131.993716655223,
2022-10-28,21794.97628028674,16480.18056419004,27356.60480090329,
2022-10-29,24102.792696187626,18445.055074871103,29957.35810579768,
2022-10-30,20196.92776296005,14288.966891797269,26211.282146077498,
2022-10-31,19781.815182140184,13955.257893378202,25732.3891834619,
2022-11-01,19561.31465883615,13433.848405222334,25515.016989260443,
2022-11-02,20039.26998869131,14125.077345195014,25960.67807614352,
2022-11-03,21510.14964660932,15805.439223763677,27629.17503165744,
2022-11-04,23850.953067600854,17598.068312237552,30278.326537801404,
2022-11-05,26181.25395193589,20510.54482840706,32008.71238046516,
2022-11-06,22262.297379183896,16233.762516575382,28232.313575671826,
2022-11-07,21798.528744194744,15853.026136707977,27920.255094508662,
2022-11-08,21494.946454311983,15209.901967268475,27039.43350499333,
2022-11-09,21857.646313737157,15711.92601346592,27669.319081102,
2022-11-10,23184.414405277043,17246.397717468797,29084.3933382684,
2022-11-11,25356.55260796277,18893.567421261425,31115.19230668473,
2022-11-12,27498.81000918231,21470.343960711907,33520.313642920046,
2022-11-13,23378.339853797395,17561.79293461881,29651.650602878744,
2022-11-14,22706.063758305645,16925.97444066349,28511.16052054581,
2022-11-15,22193.839601592463,16326.698210532442,27986.432344049572,
2022-11-16,22354.80612618077,16747.187991132218,28126.87350118259,
2022-11-17,23493.766661998307,17946.16137597772,30014.64244177408,
2022-11-18,25498.80205088061,19838.087404816182,31715.94406449872,
2022-11-19,27500.992140776405,21152.178003713045,33496.92608608119,
2022-11-20,23273.171599357385,17890.895447014795,29330.100847808542,
2022-11-21,22531.10770571953,17108.855364346655,28449.69784185808,
2022-11-22,21990.502113744187,15949.43814467132,27604.48491690352,
2022-11-23,22167.194693757807,16965.223543805798,28109.496901417075,
2022-11-24,23367.436278550893,17808.226816978367,29335.381868694905,
2022-11-25,25479.424016503373,19554.1621996726,31518.08532772556,
2022-11-26,27632.98142631548,21647.893328643506,33936.62486402052,
2022-11-27,23598.31064473946,18421.691010683968,29290.35641493256,
2022-11-28,23087.20522566888,17188.221128225323,29420.10872827551,
2022-11-29,22810.125113681144,16892.764422858283,29104.66741781408,
2022-11-30,23276.5104586949,17076.13511457244,29033.31294554632,
2022-12-01,24785.198619322942,18275.083327556516,31170.087251591,
2022-12-02,27216.134601594065,21736.50006801233,33327.64917233937,
2022-12-03,29690.25268138496,23781.405943851103,35481.96623996799,
2022-12-04,25968.451579286084,20174.34533050323,31681.852598338413,
2022-12-05,25753.045782894376,20000.2705129831,32001.607864872472,
2022-12-06,25745.08838982748,19851.761596820787,31580.98694994222,
2022-12-07,26444.935569652167,20291.168076269943,32343.85003955067,
2022-12-08,28142.91028496568,21895.024961417937,34157.63662973124,
2022-12-09,30711.248853185465,24491.712854901045,36908.50276494898,
2022-12-10,33264.2016586737,27090.68106415002,39620.46392165125,
2022-12-11,29557.204347482617,23719.83576889997,35852.46206035635,
2022-12-12,29288.49663370536,23142.85240191824,35476.037180554165,
2022-12-13,29156.57934549184,23330.96596260055,35269.90661173956,
2022-12-14,29660.875918406586,23534.19670020466,35750.40411103128,
2022-12-15,31092.45304907266,24609.3187757141,36896.94501300633,
2022-12-16,33325.98221101342,27048.179502851897,39460.44892086156,
2022-12-17,35479.8125646462,29198.166626073635,41697.90367753547,
2022-12-18,31315.071944437022,25675.031967540224,37440.198094656575,
2022-12-19,30537.17452448108,24727.990591348836,36367.91731815895,
2022-12-20,29853.128349820097,23617.77569094708,36488.79982995936,
2022-12-21,29772.01252104344,23717.778894434552,35953.08813239963,
2022-12-22,30595.483252539467,24373.45055393028,36625.76556435887,
2022-12-23,32209.49582295761,26055.67414112073,38478.00087766976,
2022-12-24,33744.11893513345,27815.282519327837,39642.310314572656,
2022-12-25,28972.36466379714,22895.148899458087,35198.24937375407,
2022-12-26,27611.41942561141,21882.267081880284,33949.206415560104,
2022-12-27,26379.67614868222,20513.742286059947,32563.986635348363,
2022-12-28,25796.944390208817,19546.52379415505,31823.11033864356,
2022-12-29,26174.70437084595,19563.423029469315,32011.753735284048,
2022-12-30,27407.59830117038,21077.27444664917,33765.397081592084,
2022-12-31,28633.04131618749,22517.603268509494,34839.43991679313,
2023-01-01,23629.88028433173,17721.07619517558,29737.197779195223,
2023-01-02,22119.49017109495,15588.09672123163,28187.87257593769,
2023-01-03,20822.71142842256,14888.38481533431,26515.367608182183,
2023-01-04,20260.007416974837,13788.6280727644,26755.75207547507,
2023-01-05,20741.70899845984,14406.616106692622,27185.734488581536,
2023-01-06,22159.53972599827,16310.266243206355,28626.834906900243,
2023-01-07,23646.30288911048,17694.65389699733,29410.315909709123,
2023-01-08,18974.656543679303,13350.186354549256,25401.19112479694,
2023-01-09,17858.36305550376,11491.482414833585,23646.90680311244,
2023-01-10,17009.412552481866,11259.536450185948,23071.627506903053,
2023-01-11,16938.39440474668,10757.098449940322,23156.83589148456,
2023-01-12,17944.978305610675,11836.811802845126,24621.629177148527,
2023-01-13,19909.692291542247,13692.908616870593,25843.507267695717,
2023-01-14,21953.872507905453,15284.823359986463,28616.409725722133,
2023-01-15,17838.704212781508,12036.02379758767,23539.132501986493,
2023-01-16,17266.733898184182,10591.622967362891,23250.588523845305,
2023-01-17,16939.245437530717,10688.372165754528,23062.11580105191,
2023-01-18,17356.86822476442,10883.409315930568,23376.795084754474,
2023-01-19,18810.273213707085,13442.17649682802,25536.78930451894,
2023-01-20,21172.13916531062,15562.528857081192,27475.20376396757,
2023-01-21,23557.259636177187,17623.484961000602,29707.44566788501,
2023-01-22,19721.70678796821,13545.848463795744,25775.515193374034,
2023-01-23,19364.429422508703,13076.55874689795,25719.187629430944,
2023-01-24,19184.67666753849,12793.980806181182,25249.215552079844,
2023-01-25,19682.61480929973,13785.60467623071,26115.594437680946,
2023-01-26,21149.993722941366,14687.822890070322,27718.51099444932,
2023-01-27,23462.046731769253,17791.18921775618,30006.928851086566,
2023-01-28,25737.49687642666,19185.079581787555,32057.29166857288,
2023-01-29,21737.588964272632,15402.848403209173,28128.64132684868,
2023-01-30,21167.52883600504,14878.412242718345,27319.78907473846,
2023-01-31,20733.72592530128,15111.249170726693,26931.239448297554,
2023-02-01,20944.211743198783,14386.862087699494,26733.518141810364,
2023-02-02,22099.09621003413,15947.305481339552,28494.22860032296,
2023-02-03,24082.251321193355,17816.71500589722,30348.959253295718,
2023-02-04,26021.100810835946,20002.474216662944,32331.72715530294,
2023-02-05,21685.44074039094,15573.731635683373,28091.402549827224,
2023-02-06,20788.67773217728,14184.324858596336,27344.991228114217,
2023-02-07,20044.885796661263,13879.569391243433,26314.150911727585,
2023-02-08,19969.058724514343,13744.490751679035,26047.578424504038,
2023-02-09,20867.423666473387,14731.785435372936,27499.122212181686,
2023-02-10,22629.008363037465,16387.826472097877,29178.85679241128,
2023-02-11,24385.342874879778,17882.44969065025,30562.076169415974,
2023-02-12,19909.22209908533,13482.139011628078,26150.432405375574,
2023-02-13,18915.916304216207,12822.943001182855,25404.34173994713,
2023-02-14,18120.2303086428,11481.503758850164,24418.769780497256,
2023-02-15,18036.78714234426,11978.053579338872,24715.78198583661,
2023-02-16,18970.399932482287,12181.81802315363,25655.81544101666,
2023-02-17,20807.721911920344,14434.404624226125,26847.220513199147,
2023-02-18,22677.052251228637,16265.7138700541,28748.602974943555,
2023-02-19,18347.220365821177,11604.58123001562,24927.78814721268,
2023-02-20,17528.931932434825,11432.406858791228,23939.52391410717,
2023-02-21,16931.972999250003,10861.576412068604,23013.03546863549,
2023-02-22,17065.643676974047,10493.515428530283,23687.061590397745,
2023-02-23,18229.280813645863,11849.804644045917,24732.680000912635,
2023-02-24,20304.055355137087,14025.258176853353,26880.46134716715,
2023-02-25,22412.918151416816,15657.534575375008,29058.790006695468,
2023-02-26,18319.61328406618,11902.316862392294,24444.544907199142,
2023-02-27,17730.13902943862,11564.178471217445,23994.41203075261,
2023-02-28,17350.050255487746,10619.639693681793,24050.93095535262,
2023-03-01,17684.97174596945,11230.35860001661,24099.10461284699,
2023-03-02,19031.180492815773,13060.937932898738,25561.65106958264,
2023-03-03,21267.441948076183,14842.52374167243,27921.883592727267,
2023-03-04,23514.973935235328,16894.117400165214,29949.317283470093,
2023-03-05,19536.45786473565,13418.162668418025,26130.496197860084,
2023-03-06,19037.478527691645,12456.97872716389,25275.40773479075,
2023-03-07,18723.787959045232,12315.776037413763,24927.4100248879,
2023-03-08,19101.765019392355,12800.544390992009,25728.23978914782,
2023-03-09,20468.93127004438,14351.90950256758,26748.085368277258,
2023-03-10,22705.71095129706,16681.67528430186,29238.310803308592,
2023-03-11,24935.31176756149,18513.364207887586,31425.030834701167,
2023-03-12,20922.649209622272,14481.205574131742,27181.54740213538,
2023-03-13,20375.698753053417,14335.343506508094,26915.348479278407,
2023-03-14,20002.674368497144,13476.667949113056,26307.245121553024,
2023-03-15,20312.407724854,13679.279513257692,26882.067611069902,
2023-03-16,21604.791094746404,15191.419220902972,28058.49934187485,
2023-03-17,23762.473839247683,17466.46161258469,29722.781065094685,
2023-03-18,25910.690816305785,19120.408133332938,32884.47151966085,
2023-03-19,21816.1466162469,15334.495045847158,28533.77343296298,
2023-03-20,21188.34064270182,15104.491854560298,27783.53558434097,
2023-03-21,20736.7316523577,14249.29315953306,27948.76944619273,
2023-03-22,20971.11581925466,14580.06168629154,27386.590508605117,
2023-03-23,22192.080550170136,15724.469991706368,29173.91382065133,
2023-03-24,24282.7227186116,17827.44524515751,30749.180595084923,
2023-03-25,26368.508080809846,20328.218339442705,32875.50114367934,
2023-03-26,22216.19389068805,15513.97813942085,28818.38098249669,
2023-03-27,21535.19761708324,15374.262017076897,28208.52947668677,
2023-03-28,21034.8081154692,14219.919757816171,27854.64561301392,
2023-03-29,21224.61099984241,14673.996612805644,28261.31580253357,
2023-03-30,22404.988149764195,15705.133904275017,29214.764002673728,
2023-03-31,24458.8778435544,18141.45875650281,31567.58861321573,
