day,orders,gross_sales,discounts,returns,net_sales,shipping,duties,additional_fees,taxes,total_sales
2019-03-01,18,3087.210,-30.280,-12.000,3044.930,10.000,0.000,0.000,0.000,3054.930
2019-03-02,21,3122.430,-636.290,0.000,2486.140,10.000,0.000,0.000,13.860,2510.000
2019-03-03,17,2636.780,-48.270,-211.850,2376.660,0.000,0.000,0.000,0.000,2376.660
2019-03-04,9,1901.720,-30.380,-1285.970,585.370,0.000,0.000,0.000,0.000,585.370
2019-03-05,16,2822.390,-182.460,0.000,2639.930,250.000,0.000,0.000,0.000,2889.930
2019-03-06,12,968.570,-59.260,0.000,909.310,18.000,0.000,0.000,0.000,927.310
2019-03-07,10,1767.410,-34.580,0.000,1732.830,0.000,0.000,0.000,13.600,1746.430
2019-03-08,21,2608.590,-312.910,-144.990,2150.690,10.000,0.000,0.000,0.000,2160.690
2019-03-09,30,3097.980,-201.350,-10.610,2886.020,0.000,0.000,0.000,0.000,2886.020
2019-03-10,10,1096.990,-214.890,0.000,882.100,0.000,0.000,0.000,0.000,882.100
2019-03-11,17,2545.070,-141.240,0.000,2403.830,0.000,0.000,0.000,0.000,2403.830
2019-03-12,10,2583.200,0.000,0.000,2583.200,0.000,0.000,0.000,0.000,2583.200
2019-03-13,3,161.430,-32.320,0.000,129.110,0.000,0.000,0.000,0.000,129.110
2019-03-14,13,1938.210,-472.140,0.000,1466.070,10.000,0.000,0.000,0.000,1476.070
2019-03-15,10,868.690,-34.270,0.000,834.420,0.000,0.000,0.000,0.000,834.420
2019-03-16,27,4165.390,-230.840,-27.960,3906.590,0.000,0.000,0.000,0.000,3906.590
2019-03-17,13,1499.110,-17.780,0.000,1481.330,0.000,0.000,0.000,0.000,1481.330
2019-03-18,9,4182.180,-6.990,0.000,4175.190,52.920,0.000,0.000,8.690,4236.800
2019-03-19,7,517.300,-10.680,0.000,506.620,0.000,0.000,0.000,0.000,506.620
2019-03-20,10,1340.070,-180.160,-131.490,1028.420,0.000,0.000,0.000,0.000,1028.420
2019-03-21,11,1886.460,-64.570,-71.980,1749.910,0.000,0.000,0.000,0.000,1749.910
2019-03-22,23,2269.160,-356.570,0.000,1912.590,10.000,0.000,0.000,0.000,1922.590
2019-03-23,35,3563.210,-190.950,0.000,3372.260,0.000,0.000,0.000,0.000,3372.260
2019-03-24,16,1322.420,-92.120,-19.990,1210.310,0.000,0.000,0.000,0.000,1210.310
2019-03-25,10,1149.010,-125.150,0.000,1023.860,41.430,0.000,0.000,10.500,1075.790
2019-03-26,11,1189.600,-14.430,-4.990,1170.180,0.000,0.000,0.000,0.000,1170.180
2019-03-27,8,1561.910,-5.790,-119.990,1436.130,0.000,0.000,0.000,0.000,1436.130
2019-03-28,13,1210.560,-156.390,0.000,1054.170,10.000,0.000,0.000,0.000,1064.170
2019-03-29,28,3012.410,-28.470,-29.990,2953.950,168.570,0.000,0.000,10.540,3133.060
2019-03-30,30,3086.080,-108.320,0.000,2977.760,99.070,0.000,0.000,23.070,3099.900
2019-03-31,17,1719.250,-89.460,0.000,1629.790,0.000,0.000,0.000,0.000,1629.790
2019-04-01,14,1531.370,-90.090,0.000,1441.280,10.000,0.000,0.000,0.000,1451.280
2019-04-02,12,1542.680,-169.290,-28.000,1345.390,0.000,0.000,0.000,0.000,1345.390
2019-04-03,13,1680.230,-17.070,0.000,1663.160,0.000,0.000,0.000,0.000,1663.160
2019-04-04,15,1259.990,-100.190,-3.590,1156.210,18.000,0.000,0.000,0.000,1174.210
2019-04-05,25,2330.130,-44.660,-54.990,2230.480,10.000,0.000,0.000,0.000,2240.480
2019-04-06,23,3048.810,-188.370,0.000,2860.440,0.000,0.000,0.000,0.000,2860.440
2019-04-07,16,2168.220,-204.150,0.000,1964.070,0.000,0.000,0.000,0.000,1964.070
2019-04-08,8,1610.660,-956.710,-54.990,598.960,10.000,0.000,0.000,0.000,608.960
2019-04-09,9,899.660,-142.470,0.000,757.190,0.000,0.000,0.000,0.000,757.190
2019-04-10,12,3600.120,-37.960,0.000,3562.160,10.000,0.000,0.000,0.000,3572.160
2019-04-11,16,2213.380,-14.180,-20.000,2179.200,0.000,0.000,0.000,4.540,2183.740
2019-04-12,23,3433.470,-435.360,-202.990,2795.120,0.000,0.000,0.000,0.000,2795.120
2019-04-13,24,3004.520,-107.600,0.000,2896.920,0.000,0.000,0.000,0.000,2896.920
2019-04-14,25,2690.630,-215.010,-6.990,2468.630,0.000,0.000,0.000,0.000,2468.630
2019-04-15,9,700.200,-75.170,0.000,625.030,0.000,0.000,0.000,0.000,625.030
2019-04-16,16,2285.010,-439.770,0.000,1845.240,0.000,0.000,0.000,46.720,1891.960
2019-04-17,14,1272.020,-29.430,0.000,1242.590,76.460,0.000,0.000,9.390,1328.440
2019-04-18,18,2438.280,-54.890,0.000,2383.390,0.000,0.000,0.000,0.000,2383.390
2019-04-19,22,2593.620,-109.740,-64.010,2419.870,65.000,0.000,0.000,0.000,2484.870
2019-04-20,31,3159.940,-253.220,-26.680,2880.040,0.000,0.000,0.000,17.100,2897.140
2019-04-21,13,1895.000,0.000,0.000,1895.000,35.210,0.000,0.000,3.600,1933.810
2019-04-22,8,596.290,-9.840,0.000,586.450,1.500,0.000,0.000,1.640,589.590
2019-04-23,18,3019.140,-88.150,0.000,2930.990,0.000,0.000,0.000,0.000,2930.990
2019-04-24,13,1812.300,-65.160,0.000,1747.140,0.000,0.000,0.000,0.000,1747.140
2019-04-25,11,1791.580,-34.730,0.000,1756.850,0.000,0.000,0.000,0.000,1756.850
2019-04-26,15,1196.560,-12.180,0.000,1184.380,0.000,0.000,0.000,0.000,1184.380
2019-04-27,18,1674.460,-37.620,0.000,1636.840,0.000,0.000,0.000,0.000,1636.840
2019-04-28,24,1909.180,-141.460,0.000,1767.720,18.000,0.000,0.000,0.000,1785.720
2019-04-29,11,1516.290,-6.990,0.000,1509.300,0.000,0.000,0.000,5.040,1514.340
2019-04-30,11,1259.140,-44.630,0.000,1214.510,0.000,0.000,0.000,0.000,1214.510
2019-05-01,15,2056.030,-222.380,0.000,1833.650,0.000,0.000,0.000,0.000,1833.650
2019-05-02,10,2058.590,-127.460,0.000,1931.130,0.000,0.000,0.000,0.000,1931.130
2019-05-03,11,1282.920,-111.630,0.000,1171.290,18.000,0.000,0.000,1.260,1190.550
2019-05-04,25,3176.320,-82.810,-5.000,3088.510,0.000,0.000,0.000,0.000,3088.510
2019-05-05,11,741.140,0.000,0.000,741.140,0.000,0.000,0.000,0.000,741.140
2019-05-06,9,2057.200,-695.910,0.000,1361.290,0.000,0.000,0.000,0.000,1361.290
2019-05-07,11,2503.850,-121.910,0.000,2381.940,0.000,0.000,0.000,0.000,2381.940
2019-05-08,6,528.300,-22.690,0.000,505.610,0.000,0.000,0.000,0.000,505.610
2019-05-09,14,1266.530,-91.820,0.000,1174.710,0.000,0.000,0.000,0.000,1174.710
2019-05-10,25,2175.410,-194.700,0.000,1980.710,0.000,0.000,0.000,0.000,1980.710
2019-05-11,34,4130.030,-120.620,-32.500,3976.910,0.000,0.000,0.000,0.000,3976.910
2019-05-12,19,1818.770,-187.380,0.000,1631.390,0.000,0.000,0.000,0.000,1631.390
2019-05-13,10,1711.560,-6.990,-13.990,1690.580,0.000,0.000,0.000,12.000,1702.580
2019-05-14,14,1099.600,-189.680,0.000,909.920,0.000,0.000,0.000,0.000,909.920
2019-05-15,12,1976.650,-14.280,0.000,1962.370,0.000,0.000,0.000,0.000,1962.370
2019-05-16,12,2498.620,-165.280,-388.970,1944.370,0.000,0.000,0.000,0.000,1944.370
2019-05-17,15,4069.830,-83.490,0.000,3986.340,0.000,0.000,0.000,0.000,3986.340
2019-05-18,29,4348.090,-479.000,0.000,3869.090,0.000,0.000,0.000,3.540,3872.630
2019-05-19,29,4579.540,-217.320,0.000,4362.220,0.000,0.000,0.000,0.000,4362.220
2019-05-20,11,3401.650,-311.090,0.000,3090.560,0.000,0.000,0.000,13.600,3104.160
2019-05-21,9,1284.510,-29.590,-8.990,1245.930,0.000,0.000,0.000,0.000,1245.930
2019-05-22,12,1325.010,-26.470,0.000,1298.540,10.000,0.000,0.000,0.000,1308.540
2019-05-23,21,2880.280,-171.130,0.000,2709.150,0.000,0.000,0.000,0.000,2709.150
2019-05-24,26,3115.110,-133.750,0.000,2981.360,18.000,0.000,0.000,0.000,2999.360
2019-05-25,36,4790.380,-113.650,-280.850,4395.880,0.000,0.000,0.000,0.000,4395.880
2019-05-26,25,2388.600,-56.170,0.000,2332.430,0.000,0.000,0.000,0.000,2332.430
2019-05-27,20,1884.150,0.000,0.000,1884.150,0.000,0.000,0.000,5.040,1889.190
2019-05-28,12,1875.460,-54.060,-108.000,1713.400,0.000,0.000,0.000,0.000,1713.400
2019-05-29,8,886.210,-30.020,0.000,856.190,0.000,0.000,0.000,0.000,856.190
2019-05-30,13,1775.480,-71.570,0.000,1703.910,0.000,0.000,0.000,0.000,1703.910
2019-05-31,16,2223.200,-201.870,0.000,2021.330,0.000,0.000,0.000,0.000,2021.330
2019-06-01,26,4544.230,-27.470,0.000,4516.760,18.000,0.000,0.000,0.000,4534.760
2019-06-02,19,1219.510,-54.400,0.000,1165.110,0.000,0.000,0.000,0.000,1165.110
2019-06-03,11,915.790,-118.500,0.000,797.290,0.000,0.000,0.000,0.000,797.290
2019-06-04,17,2183.840,-42.670,0.000,2141.170,10.640,0.000,0.000,0.000,2151.810
2019-06-05,13,3283.420,-124.980,0.000,3158.440,0.000,0.000,0.000,0.000,3158.440
2019-06-06,16,1247.480,-106.010,0.000,1141.470,0.000,0.000,0.000,0.000,1141.470
2019-06-07,17,2184.360,-140.260,0.000,2044.100,0.000,0.000,0.000,0.000,2044.100
2019-06-08,17,1677.880,-162.430,0.000,1515.450,15.340,0.000,0.000,2.970,1533.760
2019-06-09,21,2091.380,-60.620,-34.990,1995.770,0.000,0.000,0.000,0.000,1995.770
2019-06-10,9,1110.080,-101.870,0.000,1008.210,0.000,0.000,0.000,0.000,1008.210
2019-06-11,11,1111.130,-171.500,0.000,939.630,10.870,0.000,0.000,16.460,966.960
2019-06-12,15,1775.000,-248.750,0.000,1526.250,63.260,0.000,0.000,9.800,1599.310
2019-06-13,21,2363.520,-210.730,0.000,2152.790,75.510,0.000,0.000,3.930,2232.230
2019-06-14,16,2714.940,-166.830,0.000,2548.110,0.000,0.000,0.000,0.000,2548.110
2019-06-15,38,4293.120,-68.530,-89.970,4134.620,19.900,0.000,0.000,7.180,4161.700
2019-06-16,19,1988.250,-143.510,0.000,1844.740,0.000,0.000,0.000,0.000,1844.740
2019-06-17,13,1058.610,-220.430,0.000,838.180,12.250,0.000,0.000,16.370,866.800
2019-06-18,7,1189.100,-25.230,0.000,1163.870,29.620,0.000,0.000,0.000,1193.490
2019-06-19,16,3402.470,-384.090,0.000,3018.380,0.000,0.000,0.000,0.000,3018.380
2019-06-20,18,3747.680,-97.030,0.000,3650.650,10.000,0.000,0.000,0.000,3660.650
2019-06-21,23,2273.510,-185.000,0.000,2088.510,39.460,0.000,0.000,13.380,2141.350
2019-06-22,32,2784.200,-114.770,0.000,2669.430,0.000,0.000,0.000,0.000,2669.430
2019-06-23,21,1732.770,-46.770,0.000,1686.000,32.650,0.000,0.000,7.140,1725.790
2019-06-24,16,2121.500,-241.340,0.000,1880.160,0.000,0.000,0.000,5.040,1885.200
2019-06-25,8,1345.680,-58.580,0.000,1287.100,0.000,0.000,0.000,0.000,1287.100
2019-06-26,16,2006.880,-408.060,0.000,1598.820,10.000,0.000,0.000,0.000,1608.820
2019-06-27,20,1947.280,-62.560,0.000,1884.720,10.000,0.000,0.000,0.000,1894.720
2019-06-28,23,3875.080,-71.960,0.000,3803.120,0.000,0.000,0.000,0.000,3803.120
2019-06-29,37,3796.610,-89.240,0.000,3707.370,10.000,0.000,0.000,11.010,3728.380
2019-06-30,17,1961.830,-124.210,0.000,1837.620,35.870,0.000,0.000,5.430,1878.920
2019-07-01,25,2850.340,-125.680,0.000,2724.660,62.400,0.000,0.000,6.630,2793.690
2019-07-02,27,6330.840,-107.230,0.000,6223.610,16.960,0.000,0.000,5.140,6245.710
2019-07-03,37,3844.220,-388.170,0.000,3456.050,0.000,0.000,0.000,0.000,3456.050
2019-07-04,39,3826.840,-280.330,0.000,3546.510,0.000,0.000,0.000,84.010,3630.520
2019-07-05,21,1944.660,-193.140,-236.930,1514.590,0.000,0.000,0.000,9.500,1524.090
2019-07-06,22,1880.960,-25.460,0.000,1855.500,0.000,0.000,0.000,2.100,1857.600
2019-07-07,18,1636.830,-71.110,-149.970,1415.750,0.000,0.000,0.000,2.750,1418.500
2019-07-08,5,343.380,-104.220,0.000,239.160,0.000,0.000,0.000,5.460,244.620
2019-07-09,9,808.590,-218.420,0.000,590.170,13.620,0.000,0.000,2.640,606.430
2019-07-10,11,1084.460,-23.430,0.000,1061.030,51.730,0.000,0.000,3.520,1116.280
2019-07-11,11,1229.470,-45.670,0.000,1183.800,32.290,0.000,0.000,2.040,1218.130
2019-07-12,28,4787.360,-273.380,0.000,4513.980,10.000,0.000,0.000,5.780,4529.760
2019-07-13,36,4119.400,-225.330,0.000,3894.070,0.000,0.000,0.000,7.420,3901.490
2019-07-14,32,3348.180,-176.930,0.000,3171.250,36.000,0.000,0.000,5.610,3212.860
2019-07-15,15,1828.260,-273.610,0.000,1554.650,0.000,0.000,0.000,15.420,1570.070
2019-07-16,11,942.490,-41.760,0.000,900.730,10.000,0.000,0.000,1.540,912.270
2019-07-17,7,920.910,-10.490,-234.980,675.440,0.000,0.000,0.000,15.120,690.560
2019-07-18,18,1516.810,-63.000,-170.690,1283.120,22.900,0.000,0.000,1.520,1307.540
2019-07-19,26,3185.270,-185.420,0.000,2999.850,42.940,0.000,0.000,13.560,3056.350
2019-07-20,35,2765.300,-112.200,0.000,2653.100,0.000,0.000,0.000,8.100,2661.200
2019-07-21,33,2427.890,-96.820,0.000,2331.070,0.000,0.000,0.000,5.880,2336.950
2019-07-22,9,661.260,-110.500,0.000,550.760,0.000,0.000,0.000,0.380,551.140
2019-07-23,14,2630.190,-175.120,-26.090,2428.980,0.000,0.000,0.000,2.120,2431.100
2019-07-24,10,779.120,-0.400,-14.000,764.720,-32.940,0.000,0.000,-0.020,731.760
2019-07-25,13,1215.560,-8.840,-13.990,1192.730,3.990,0.000,0.000,2.550,1199.270
2019-07-26,19,1882.290,-32.970,0.000,1849.320,21.050,0.000,0.000,5.290,1875.660
2019-07-27,32,2727.880,-21.480,0.000,2706.400,0.000,0.000,0.000,4.280,2710.680
2019-07-28,30,2198.080,-122.870,0.000,2075.210,0.000,0.000,0.000,5.600,2080.810
2019-07-29,20,3037.440,-817.350,-100.980,2119.110,25.190,0.000,0.000,5.980,2150.280
2019-07-30,18,1907.730,-242.050,0.000,1665.680,45.000,0.000,0.000,3.150,1713.830
2019-07-31,19,1683.420,-304.060,-74.950,1304.410,52.660,0.000,0.000,6.330,1363.400
2019-08-01,23,3747.770,-599.520,0.000,3148.250,41.120,0.000,0.000,4.570,3193.940
2019-08-02,16,3114.630,-99.770,0.000,3014.860,127.620,0.000,0.000,19.310,3161.790
2019-08-03,33,3798.780,-133.650,-16.190,3648.940,171.400,0.000,0.000,26.360,3846.700
2019-08-04,25,2293.230,-92.790,-20.000,2180.440,0.000,0.000,0.000,11.080,2191.520
2019-08-05,13,911.730,-65.180,-59.980,786.570,30.700,0.000,0.000,7.550,824.820
2019-08-06,17,4485.330,-855.540,0.000,3629.790,0.000,0.000,0.000,6.440,3636.230
2019-08-07,15,1455.080,-187.290,-7.990,1259.800,62.860,0.000,0.000,8.480,1331.140
2019-08-08,12,1036.610,-71.260,-20.980,944.370,10.000,0.000,0.000,7.810,962.180
2019-08-09,20,2551.780,-108.770,0.000,2443.010,10.000,0.000,0.000,11.060,2464.070
2019-08-10,42,4651.160,-134.240,-19.990,4496.930,0.000,0.000,0.000,21.200,4518.130
2019-08-11,26,3291.400,-424.640,-13.990,2852.770,31.370,0.000,0.000,8.670,2892.810
2019-08-12,12,2202.320,-284.180,0.000,1918.140,0.000,0.000,0.000,17.100,1935.240
2019-08-13,14,6069.280,-7.490,-47.970,6013.820,150.320,0.000,0.000,223.440,6387.580
2019-08-14,20,4267.930,-123.880,0.000,4144.050,201.010,0.000,0.000,112.710,4457.770
2019-08-15,20,2961.880,-786.070,0.000,2175.810,0.000,0.000,0.000,2.940,2178.750
2019-08-16,35,4010.560,-108.950,-12.500,3889.110,10.000,0.000,0.000,8.090,3907.200
2019-08-17,37,3778.150,-568.110,-125.460,3084.580,10.000,0.000,0.000,7.070,3101.650
2019-08-18,25,4390.080,-279.280,0.000,4110.800,38.620,0.000,0.000,24.320,4173.740
2019-08-19,20,2336.820,-170.130,0.000,2166.690,26.320,0.000,0.000,3.870,2196.880
2019-08-20,23,3816.160,-441.590,0.000,3374.570,15.000,0.000,0.000,58.060,3447.630
2019-08-21,14,2002.400,-194.850,0.000,1807.550,0.000,0.000,0.000,2.940,1810.490
2019-08-22,18,2088.410,-142.800,-7.990,1937.620,0.000,0.000,0.000,5.110,1942.730
2019-08-23,25,3854.030,-74.830,0.000,3779.200,0.000,0.000,0.000,34.440,3813.640
2019-08-24,52,5868.180,-544.760,-2.520,5320.900,0.000,0.000,0.000,20.850,5341.750
2019-08-25,22,2304.530,-121.770,0.000,2182.760,19.940,0.000,0.000,12.400,2215.100
2019-08-26,9,1317.710,-10.680,-4.990,1302.040,0.000,0.000,0.000,0.910,1302.950
2019-08-27,8,658.270,-25.060,0.000,633.210,10.000,0.000,0.000,4.860,648.070
2019-08-28,20,3920.490,-287.220,0.000,3633.270,31.160,0.000,0.000,5.620,3670.050
2019-08-29,17,2181.150,-64.830,-3.790,2112.530,0.000,0.000,0.000,3.850,2116.380
2019-08-30,17,3481.300,-73.990,-176.970,3230.340,0.000,0.000,0.000,7.350,3237.690
2019-08-31,47,4763.930,-173.540,0.000,4590.390,0.000,0.000,0.000,91.050,4681.440
2019-09-01,23,2358.670,-118.900,-67.480,2172.290,0.000,0.000,0.000,13.970,2186.260
2019-09-02,21,1679.930,-144.480,-79.990,1455.460,22.610,0.000,0.000,7.700,1485.770
2019-09-03,11,1147.620,-50.850,-89.990,1006.780,0.000,0.000,0.000,0.000,1006.780
2019-09-04,16,1593.050,-268.390,0.000,1324.660,35.000,0.000,0.000,2.200,1361.860
2019-09-05,19,1736.510,-37.480,0.000,1699.030,0.000,0.000,0.000,1.470,1700.500
2019-09-06,27,2318.840,-132.270,0.000,2186.570,0.000,0.000,0.000,3.420,2189.990
2019-09-07,49,5319.240,-112.230,0.000,5207.010,35.000,0.000,0.000,9.400,5251.410
2019-09-08,24,1913.150,-32.500,-45.980,1834.670,31.680,0.000,0.000,9.250,1875.600
2019-09-09,14,1796.430,-49.120,0.000,1747.310,0.000,0.000,0.000,14.020,1761.330
2019-09-10,13,947.430,-167.210,-99.000,681.220,-10.000,0.000,0.000,4.610,675.830
2019-09-11,13,962.640,-57.950,0.000,904.690,10.000,0.000,0.000,4.480,919.170
2019-09-12,20,2548.860,-6.390,-24.990,2517.480,20.000,0.000,0.000,4.270,2541.750
2019-09-13,18,3187.590,-73.510,-60.500,3053.580,0.000,0.000,0.000,2.520,3056.100
2019-09-14,30,3559.930,-104.880,0.000,3455.050,10.000,0.000,0.000,4.930,3469.980
2019-09-15,23,1644.710,-66.070,0.000,1578.640,0.000,0.000,0.000,10.480,1589.120
2019-09-16,16,2174.860,-33.450,0.000,2141.410,15.000,0.000,0.000,1.720,2158.130
2019-09-17,8,1256.510,0.000,0.000,1256.510,21.420,0.000,0.000,7.900,1285.830
2019-09-18,13,1161.170,-195.360,0.000,965.810,0.000,0.000,0.000,7.840,973.650
2019-09-19,26,2657.510,-326.700,0.000,2330.810,0.000,0.000,0.000,5.600,2336.410
2019-09-20,30,3656.400,-321.730,-185.950,3148.720,0.000,0.000,0.000,5.480,3154.200
2019-09-21,29,4366.270,-113.830,0.000,4252.440,0.000,0.000,0.000,9.790,4262.230
2019-09-22,23,2828.500,-48.110,0.000,2780.390,10.000,0.000,0.000,6.550,2796.940
2019-09-23,19,1717.010,0.000,-7.990,1709.020,15.000,0.000,0.000,8.310,1732.330
2019-09-24,11,1165.580,-296.150,-26.990,842.440,10.000,0.000,0.000,1.790,854.230
2019-09-25,15,1607.420,-8.880,-224.990,1373.550,28.110,0.000,0.000,1.120,1402.780
2019-09-26,32,3294.900,-406.510,-10.000,2878.390,10.000,0.000,0.000,3.930,2892.320
2019-09-27,33,3266.900,-171.670,0.000,3095.230,15.000,0.000,0.000,12.710,3122.940
2019-09-28,29,2685.510,-17.770,-27.980,2639.760,15.000,0.000,0.000,5.320,2660.080
2019-09-29,29,2104.220,-175.610,-15.980,1912.630,0.000,0.000,0.000,6.930,1919.560
2019-09-30,15,1900.330,-109.230,0.000,1791.100,10.000,0.000,0.000,4.150,1805.250
2019-10-01,14,1626.590,-103.640,-10.000,1512.950,0.000,0.000,0.000,0.000,1512.950
2019-10-02,15,1397.540,-55.800,-1.000,1340.740,0.000,0.000,0.000,3.510,1344.250
2019-10-03,21,1737.940,-129.470,-110.970,1497.500,51.400,0.000,0.000,9.180,1558.080
2019-10-04,22,3255.470,-41.960,1.090,3214.600,114.010,0.000,0.000,17.450,3346.060
2019-10-05,31,5736.810,-160.680,0.000,5576.130,0.000,0.000,0.000,8.320,5584.450
2019-10-06,14,1176.470,-24.710,-88.980,1062.780,50.560,0.000,0.000,6.920,1120.260
2019-10-07,9,1142.140,-16.990,0.000,1125.150,10.000,0.000,0.000,15.350,1150.500
2019-10-08,10,1148.810,-5.490,0.000,1143.320,20.000,0.000,0.000,1.400,1164.720
2019-10-09,20,2578.920,-385.570,-167.980,2025.370,0.000,0.000,0.000,8.030,2033.400
2019-10-10,18,3291.140,-625.410,0.000,2665.730,25.000,0.000,0.000,10.070,2700.800
2019-10-11,15,2172.370,-78.980,-20.000,2073.390,10.000,0.000,0.000,15.540,2098.930
2019-10-12,34,4117.640,-73.440,0.000,4044.200,0.000,0.000,0.000,2.410,4046.610
2019-10-13,21,2825.030,-32.470,-55.970,2736.590,25.000,0.000,0.000,14.210,2775.800
2019-10-14,27,2967.910,-223.040,-293.970,2450.900,0.000,0.000,0.000,1.950,2452.850
2019-10-15,14,7316.030,-6330.440,-17.980,967.610,88.340,0.000,0.000,10.520,1066.470
2019-10-16,22,3419.290,-383.190,-339.920,2696.180,-73.340,0.000,0.000,24.220,2647.060
2019-10-17,18,2285.720,-168.090,-79.550,2038.080,15.000,0.000,0.000,10.720,2063.800
2019-10-18,27,2898.040,-105.640,0.000,2792.400,0.000,0.000,0.000,20.200,2812.600
2019-10-19,35,4357.770,-94.660,-6.000,4257.110,0.000,0.000,0.000,11.720,4268.830
2019-10-20,32,2668.080,-391.690,0.000,2276.390,15.000,0.000,0.000,1.320,2292.710
2019-10-21,20,7904.130,-1888.730,-48.010,5967.390,0.000,0.000,0.000,21.470,5988.860
2019-10-22,18,1895.020,-301.990,0.000,1593.030,0.000,0.000,0.000,9.090,1602.120
2019-10-23,11,1481.510,-155.380,0.000,1326.130,10.000,0.000,0.000,3.780,1339.910
2019-10-24,32,3673.410,-248.620,-69.390,3355.400,47.390,0.000,0.000,13.910,3416.700
2019-10-25,31,3146.080,-132.360,0.000,3013.720,15.000,0.000,0.000,29.250,3057.970
2019-10-26,46,4781.850,-173.210,0.000,4608.640,0.000,0.000,0.000,10.250,4618.890
2019-10-27,20,1885.820,-35.260,0.000,1850.560,15.000,0.000,0.000,1.510,1867.070
2019-10-28,15,1204.520,-164.350,0.000,1040.170,0.000,0.000,0.000,2.100,1042.270
2019-10-29,16,1630.850,-170.800,-99.990,1360.060,10.000,0.000,0.000,14.180,1384.240
2019-10-30,15,1220.730,-106.980,-440.870,672.880,90.270,0.000,0.000,1.820,764.970
2019-10-31,19,1663.550,-99.160,-11.000,1553.390,20.000,0.000,0.000,4.820,1578.210
2019-11-01,32,4354.430,0.000,-23.980,4330.450,15.000,0.000,0.000,19.110,4364.560
2019-11-02,40,5934.080,-414.260,-12.290,5507.530,55.530,0.000,0.000,11.990,5575.050
2019-11-03,33,3226.300,-109.570,-25.960,3090.770,15.000,0.000,0.000,16.150,3121.920
2019-11-04,9,897.200,-34.730,0.000,862.470,42.990,0.000,0.000,3.670,909.130
2019-11-05,21,4055.540,-630.270,-184.790,3240.480,29.790,0.000,0.000,3.350,3273.620
2019-11-06,23,2271.370,-152.750,-37.990,2080.630,10.000,0.000,0.000,5.600,2096.230
2019-11-07,24,3859.130,-435.090,0.000,3424.040,70.000,0.000,0.000,4.780,3498.820
2019-11-08,28,3167.780,-150.440,0.000,3017.340,15.000,0.000,0.000,32.410,3064.750
2019-11-09,53,9450.930,-1595.820,-27.990,7827.120,10.000,0.000,0.000,28.860,7865.980
2019-11-10,38,3917.800,-169.470,0.000,3748.330,15.000,0.000,0.000,18.050,3781.380
2019-11-11,16,1345.640,-97.530,0.000,1248.110,15.000,0.000,0.000,15.660,1278.770
2019-11-12,26,3391.130,-120.520,-18.000,3252.610,66.810,0.000,0.000,8.590,3328.010
2019-11-13,26,3771.660,-173.390,-4.000,3594.270,25.000,0.000,0.000,5.250,3624.520
2019-11-14,16,1802.530,-132.550,0.000,1669.980,10.000,0.000,0.000,11.040,1691.020
2019-11-15,35,5737.480,-322.760,-9.990,5404.730,25.230,0.000,0.000,17.660,5447.620
2019-11-16,39,3366.670,-317.330,0.000,3049.340,15.000,0.000,0.000,26.220,3090.560
2019-11-17,31,2824.470,-61.960,-89.990,2672.520,29.760,0.000,0.000,12.740,2715.020
2019-11-18,28,3436.060,-200.870,0.000,3235.190,150.550,0.000,0.000,12.170,3397.910
2019-11-19,22,2832.320,-19.980,-89.990,2722.350,54.220,0.000,0.000,30.090,2806.660
2019-11-20,26,4185.890,-41.770,0.000,4144.120,45.000,0.000,0.000,23.230,4212.350
2019-11-21,25,2630.950,-227.410,0.000,2403.540,10.000,0.000,0.000,21.490,2435.030
2019-11-22,38,5567.930,-288.090,0.000,5279.840,10.000,0.000,0.000,8.860,5298.700
2019-11-23,62,6094.740,-257.360,0.000,5837.380,33.110,0.000,0.000,40.800,5911.290
2019-11-24,45,4482.580,-458.370,-41.470,3982.740,40.000,0.000,0.000,40.630,4063.370
2019-11-25,43,6400.520,-167.430,-115.990,6117.100,39.760,0.000,0.000,34.210,6191.070
2019-11-26,29,5023.090,-309.800,-139.990,4573.300,10.000,0.000,0.000,35.460,4618.760
2019-11-27,43,6884.180,-86.490,-25.000,6772.690,15.000,0.000,0.000,34.790,6822.480
2019-11-28,27,2482.750,-431.350,-19.000,2032.400,10.000,0.000,0.000,10.150,2052.550
2019-11-29,31,3925.490,-398.260,-87.090,3440.140,52.060,0.000,0.000,17.850,3510.050
2019-11-30,29,4284.960,-307.100,-109.990,3867.870,42.580,0.000,0.000,11.600,3922.050
2019-12-01,19,2127.230,-145.560,0.000,1981.670,55.440,0.000,0.000,21.420,2058.530
2019-12-02,32,6725.670,-453.290,0.390,6272.770,81.600,0.000,0.000,15.880,6370.250
2019-12-03,12,1399.740,-60.990,-311.940,1026.810,15.000,0.000,0.000,0.000,1041.810
2019-12-04,17,1865.440,-36.710,-17.980,1810.750,25.000,0.000,0.000,3.860,1839.610
2019-12-05,16,2237.950,-148.570,-154.320,1935.060,10.000,0.000,0.000,9.290,1954.350
2019-12-06,28,4029.570,-209.420,-459.980,3360.170,5.000,0.000,0.000,3.870,3369.040
2019-12-07,35,5110.900,-92.770,0.000,5018.130,0.000,0.000,0.000,18.330,5036.460
2019-12-08,28,4035.490,-98.250,-24.290,3912.950,43.510,0.000,0.000,6.480,3962.940
2019-12-09,15,3021.720,-362.430,-253.970,2405.320,35.530,0.000,0.000,4.460,2445.310
2019-12-10,19,2751.140,-61.050,-136.980,2553.110,10.000,0.000,0.000,9.770,2572.880
2019-12-11,26,10058.370,-500.000,-12.500,9545.870,146.850,0.000,0.000,17.820,9710.540
2019-12-12,30,10356.630,-6755.140,-10.990,3590.500,110.320,0.000,0.000,20.460,3721.280
2019-12-13,30,3254.780,-474.930,-64.980,2714.870,80.060,0.000,0.000,16.060,2810.990
2019-12-14,44,4789.130,-142.680,-192.490,4453.960,36.810,0.000,0.000,18.980,4509.750
2019-12-15,48,7048.840,-163.580,-90.470,6794.790,53.090,0.000,0.000,20.310,6868.190
2019-12-16,66,5570.810,-174.540,-239.980,5156.290,336.010,0.000,0.000,29.800,5522.100
2019-12-17,30,4693.620,-358.740,-594.940,3739.940,0.000,0.000,0.000,6.040,3745.980
2019-12-18,37,5192.090,-463.540,-452.260,4276.290,227.280,0.000,0.000,29.240,4532.810
2019-12-19,37,6314.400,-238.200,-116.400,5959.800,-15.000,0.000,0.000,12.240,5957.040
2019-12-20,69,8735.650,-470.560,-126.710,8138.380,35.000,0.000,0.000,27.470,8200.850
2019-12-21,75,12196.700,-178.100,-997.860,11020.740,99.380,0.000,0.000,31.680,11151.800
2019-12-22,56,6750.030,-341.070,-264.990,6143.970,25.000,0.000,0.000,23.280,6192.250
2019-12-23,60,8024.330,-331.560,-951.230,6741.540,35.000,0.000,0.000,22.110,6798.650
2019-12-24,56,13659.270,-971.580,-529.860,12157.830,0.000,0.000,0.000,21.220,12179.050
2019-12-25,22,1710.880,-46.160,0.000,1664.720,0.000,0.000,0.000,10.710,1675.430
2019-12-26,32,4754.190,-13.480,-7.990,4732.720,45.000,0.000,0.000,4.030,4781.750
2019-12-27,26,3841.030,-375.210,-694.980,2770.840,10.000,0.000,0.000,13.750,2794.590
2019-12-28,56,8137.030,-79.270,-10.990,8046.770,15.000,0.000,0.000,27.740,8089.510
2019-12-29,32,4192.000,-73.280,-57.000,4061.720,20.000,0.000,0.000,6.660,4088.380
2019-12-30,66,10384.770,-635.520,-111.910,9637.340,82.130,0.000,0.000,17.510,9736.980
2019-12-31,53,7512.660,-630.040,-512.960,6369.660,41.810,0.000,0.000,8.640,6420.110
2020-01-01,22,2722.210,-144.050,-11.690,2566.470,50.000,0.000,0.000,10.540,2627.010
2020-01-02,26,3369.590,-162.970,-197.920,3008.700,102.920,0.000,0.000,7.820,3119.440
2020-01-03,19,2635.240,-56.120,-20.000,2559.120,47.390,0.000,0.000,12.420,2618.930
2020-01-04,39,4906.510,-597.840,-10.020,4298.650,30.000,0.000,0.000,5.190,4333.840
2020-01-05,35,3411.800,-166.450,-66.970,3178.380,54.180,0.000,0.000,25.050,3257.610
2020-01-06,27,4245.310,-280.970,-360.730,3603.610,185.430,0.000,0.000,16.800,3805.840
2020-01-07,20,2378.390,-42.480,-177.970,2157.940,125.380,0.000,0.000,6.850,2290.170
2020-01-08,12,2235.370,-96.060,-249.960,1889.350,58.430,0.000,0.000,9.350,1957.130
2020-01-09,21,3089.280,-699.270,-98.170,2291.840,10.000,0.000,0.000,-0.770,2301.070
2020-01-10,48,6609.850,-71.650,0.000,6538.200,15.000,0.000,0.000,16.580,6569.780
2020-01-11,53,5061.640,-75.550,0.000,4986.090,60.290,0.000,0.000,11.690,5058.070
2020-01-12,21,2484.700,-238.390,-19.000,2227.310,66.070,0.000,0.000,59.280,2352.660
2020-01-13,15,1208.030,-84.940,0.000,1123.090,-5.000,0.000,0.000,3.390,1121.480
2020-01-14,13,3230.000,-50.980,-291.960,2887.060,89.780,0.000,0.000,6.530,2983.370
2020-01-15,17,2246.270,-630.930,-59.010,1556.330,30.000,0.000,0.000,6.370,1592.700
2020-01-16,27,3572.380,-179.420,-56.980,3335.980,35.000,0.000,0.000,10.630,3381.610
2020-01-17,35,7431.950,-208.030,-117.980,7105.940,30.740,0.000,0.000,9.060,7145.740
2020-01-18,54,7751.320,-289.500,-47.710,7414.110,83.870,0.000,0.000,13.200,7511.180
2020-01-19,36,5225.640,-263.680,-76.980,4884.980,30.000,0.000,0.000,13.720,4928.700
2020-01-20,36,3158.810,-372.710,0.000,2786.100,98.020,0.000,0.000,22.290,2906.410
2020-01-21,21,2805.930,-201.300,0.000,2604.630,58.570,0.000,0.000,10.260,2673.460
2020-01-22,12,5863.690,-115.120,0.000,5748.570,0.000,0.000,0.000,15.540,5764.110
2020-01-23,27,3010.670,-24.020,-119.100,2867.550,118.430,0.000,0.000,19.360,3005.340
2020-01-24,36,4783.200,-44.420,-3.990,4734.790,171.230,0.000,0.000,24.030,4930.050
2020-01-25,45,7343.100,-365.500,-95.240,6882.360,91.070,0.000,0.000,7.180,6980.610
2020-01-26,35,3876.140,-86.120,-1.000,3789.020,147.770,0.000,0.000,20.060,3956.850
2020-01-27,22,8439.120,-1356.660,-1224.820,5857.640,194.270,0.000,0.000,13.010,6064.920
2020-01-28,31,2953.200,-765.150,0.000,2188.050,101.320,0.000,0.000,15.180,2304.550
2020-01-29,27,3876.240,-16.780,0.000,3859.460,88.380,0.000,0.000,8.540,3956.380
2020-01-30,45,3986.690,-201.150,-65.480,3720.060,146.920,0.000,0.000,19.640,3886.620
2020-01-31,49,5855.010,-358.220,-134.940,5361.850,53.040,0.000,0.000,19.180,5434.070
2020-02-01,63,10478.840,-83.690,-26.990,10368.160,38.040,0.000,0.000,33.030,10439.230
2020-02-02,49,4809.310,-142.490,-274.470,4392.350,95.100,0.000,0.000,23.180,4510.630
2020-02-03,17,2171.710,-206.320,-111.990,1853.400,112.890,0.000,0.000,13.500,1979.790
2020-02-04,17,2601.850,-69.990,-61.730,2470.130,40.000,0.000,0.000,9.940,2520.070
2020-02-05,26,3643.200,-127.780,-69.980,3445.440,91.190,0.000,0.000,9.090,3545.720
2020-02-06,32,4461.070,-256.530,0.000,4204.540,98.020,0.000,0.000,8.000,4310.560
2020-02-07,42,4477.350,-202.270,-7.000,4268.080,263.320,0.000,0.000,24.450,4555.850
2020-02-08,41,3963.540,-159.870,-47.190,3756.480,30.740,0.000,0.000,14.770,3801.990
2020-02-09,28,4356.570,-264.490,-90.430,4001.650,95.680,0.000,0.000,19.730,4117.060
2020-02-10,19,1650.980,-279.960,-40.500,1330.520,0.000,0.000,0.000,5.740,1336.260
2020-02-11,22,3043.300,-162.790,-231.960,2648.550,46.660,0.000,0.000,2.290,2697.500
2020-02-12,32,3347.520,-44.860,0.000,3302.660,59.010,0.000,0.000,18.590,3380.260
2020-02-13,36,4383.400,-173.840,-63.710,4145.850,89.260,0.000,0.000,21.180,4256.290
2020-02-14,68,6465.660,-246.100,-99.990,6119.570,37.510,0.000,0.000,21.320,6178.400
2020-02-15,37,5063.520,-349.350,-170.270,4543.900,40.740,0.000,0.000,17.330,4601.970
2020-02-16,36,5651.010,-45.140,-139.980,5465.890,37.510,0.000,0.000,14.620,5518.020
2020-02-17,26,4287.540,-88.870,-59.990,4138.680,96.320,0.000,0.000,15.870,4250.870
2020-02-18,29,3459.140,-696.750,-92.930,2669.460,25.000,0.000,0.000,8.650,2703.110
2020-02-19,26,2784.770,-313.470,-76.980,2394.320,157.920,0.000,0.000,8.480,2560.720
2020-02-20,24,2380.730,-92.750,-442.660,1845.320,45.000,0.000,0.000,3.200,1893.520
2020-02-21,28,2642.840,-52.340,-10.000,2580.500,117.320,0.000,0.000,7.820,2705.640
2020-02-22,49,5410.440,-72.050,-93.930,5244.460,15.000,0.000,0.000,5.670,5265.130
2020-02-23,41,4448.480,-132.400,-9.990,4306.090,45.740,0.000,0.000,14.800,4366.630
2020-02-24,13,2073.790,-9.780,-12.990,2051.020,62.130,0.000,0.000,11.080,2124.230
2020-02-25,19,4037.640,-41.290,-161.940,3834.410,15.000,0.000,0.000,7.920,3857.330
2020-02-26,17,5294.460,-702.350,0.000,4592.110,77.660,0.000,0.000,5.360,4675.130
2020-02-27,24,3568.590,-707.910,0.000,2860.680,0.000,0.000,0.000,2.770,2863.450
2020-02-28,40,4829.310,-201.350,-281.360,4346.600,30.000,0.000,0.000,10.350,4386.950
2020-02-29,52,5788.340,-60.690,-190.530,5537.120,25.000,0.000,0.000,25.170,5587.290
2020-03-01,43,6215.300,-547.690,-75.960,5591.650,74.680,0.000,0.000,20.610,5686.940
2020-03-02,27,3753.860,-610.330,-80.590,3062.940,130.000,0.000,0.000,9.970,3202.910
2020-03-03,24,2958.340,-33.620,-95.970,2828.750,255.090,0.000,0.000,17.710,3101.550
2020-03-04,22,2533.780,-65.020,0.000,2468.760,176.270,0.000,0.000,7.710,2652.740
2020-03-05,25,2220.760,-78.120,0.000,2142.640,28.330,0.000,0.000,8.630,2179.600
2020-03-06,45,9406.200,-355.150,-806.910,8244.140,25.740,0.000,0.000,15.020,8284.900
2020-03-07,51,5716.210,-276.520,-78.980,5360.710,30.000,0.000,0.000,17.340,5408.050
2020-03-08,48,5324.920,-80.830,-566.920,4677.170,56.660,0.000,0.000,21.800,4755.630
2020-03-09,26,6616.940,-125.080,-177.950,6313.910,30.000,0.000,0.000,2.600,6346.510
2020-03-10,23,2435.610,-153.860,-80.970,2200.780,-15.000,0.000,0.000,2.380,2188.160
2020-03-11,24,3745.260,-112.770,-523.940,3108.550,15.740,0.000,0.000,2.710,3127.000
2020-03-12,59,12991.790,-163.430,-498.910,12329.450,115.360,0.000,0.000,23.990,12468.800
2020-03-13,120,19569.430,-157.110,-2384.270,17028.050,89.960,0.000,0.000,41.270,17159.280
2020-03-14,106,17864.400,-344.990,-3134.740,14384.670,78.510,0.000,0.000,30.640,14493.820
2020-03-15,73,11364.050,-188.910,-60.450,11114.690,133.410,0.000,0.000,41.650,11289.750
2020-03-16,80,12747.430,-47.350,-1108.680,11591.400,99.270,0.000,0.000,31.400,11722.070
2020-03-17,89,15419.920,-293.450,-760.380,14366.090,101.740,0.000,0.000,15.180,14483.010
2020-03-18,70,12727.800,-263.720,-1580.160,10883.920,236.420,0.000,0.000,29.380,11149.720
2020-03-19,71,11899.340,-325.890,-1216.110,10357.340,186.980,0.000,0.000,44.880,10589.200
2020-03-20,123,23793.470,-142.780,-832.070,22818.620,362.460,0.000,0.000,72.840,23253.920
2020-03-21,117,14295.530,-175.630,-1657.060,12462.840,72.800,0.000,0.000,24.950,12560.590
2020-03-22,69,8523.230,-35.730,-1121.500,7366.000,112.020,0.000,0.000,23.570,7501.590
2020-03-23,66,8617.510,-81.190,-386.430,8149.890,207.660,0.000,0.000,30.340,8387.890
2020-03-24,71,7409.730,-79.720,-931.820,6398.190,75.740,0.000,0.000,34.610,6508.540
2020-03-25,93,12085.100,-137.740,-537.470,11409.890,165.650,0.000,0.000,22.020,11597.560
2020-03-26,64,13099.820,-240.120,-308.240,12551.460,180.870,0.000,0.000,19.690,12752.020
2020-03-27,104,13378.090,-221.380,-1408.790,11747.920,207.280,0.000,0.000,37.940,11993.140
2020-03-28,106,12747.940,-186.750,-891.830,11669.360,198.260,0.000,0.000,80.170,11947.790
2020-03-29,65,8742.120,-190.850,-414.970,8136.300,92.080,0.000,0.000,43.980,8272.360
2020-03-30,68,10186.280,-292.400,-663.130,9230.750,273.110,0.000,0.000,33.340,9537.200
2020-03-31,70,9034.610,-203.500,-734.040,8097.070,193.230,0.000,0.000,26.390,8316.690
2020-04-01,81,11240.400,-50.100,-321.870,10868.430,172.940,0.000,0.000,27.160,11068.530
2020-04-02,110,14383.790,-257.850,-689.680,13436.260,321.620,0.000,0.000,47.920,13805.800
2020-04-03,94,10421.440,-110.720,-712.950,9597.770,175.490,0.000,0.000,34.990,9808.250
2020-04-04,133,16915.720,-183.930,-1182.870,15548.920,202.380,0.000,0.000,43.270,15794.570
2020-04-05,103,16143.650,-212.300,-1163.370,14767.980,195.730,0.000,0.000,47.910,15011.620
2020-04-06,82,9466.770,-142.530,-1521.410,7802.830,172.710,0.000,0.000,18.180,7993.720
2020-04-07,91,11989.850,-136.970,-2338.670,9514.210,226.520,0.000,0.000,33.490,9774.220
2020-04-08,77,8253.170,-103.920,-330.500,7818.750,91.100,0.000,0.000,15.450,7925.300
2020-04-09,108,14769.660,-92.150,-533.090,14144.420,74.980,0.000,0.000,49.290,14268.690
2020-04-10,125,14260.040,-157.620,-2184.930,11917.490,209.640,0.000,0.000,34.790,12161.920
2020-04-11,114,12854.450,-123.410,-1524.030,11207.010,161.900,0.000,0.000,39.830,11408.740
2020-04-12,62,8429.470,-118.280,-683.100,7628.090,103.170,0.000,0.000,17.660,7748.920
2020-04-13,76,12699.140,-166.110,-517.320,12015.710,244.220,0.000,0.000,15.950,12275.880
2020-04-14,97,13922.890,-169.320,-1685.010,12068.560,246.040,0.000,0.000,45.170,12359.770
2020-04-15,129,17079.350,-276.940,-1351.550,15450.860,274.660,0.000,0.000,53.590,15779.110
2020-04-16,111,18794.180,-902.930,-1524.280,16366.970,336.300,0.000,0.000,53.130,16756.400
2020-04-17,154,23257.150,-282.270,-1508.070,21466.810,314.780,0.000,0.000,45.110,21826.700
2020-04-18,141,17638.250,-263.080,-2128.120,15247.050,223.050,0.000,0.000,49.980,15520.080
2020-04-19,82,10341.390,-204.850,-1449.600,8686.940,172.240,0.000,0.000,40.430,8899.610
2020-04-20,69,7811.640,-368.590,-518.560,6924.490,154.880,0.000,0.000,20.860,7100.230
2020-04-21,76,13468.240,-1342.150,-496.330,11629.760,277.790,0.000,0.000,30.910,11938.460
2020-04-22,114,12967.660,-291.720,-492.370,12183.570,307.400,0.000,0.000,40.600,12531.570
2020-04-23,103,15055.130,-412.070,-484.880,14158.180,240.630,0.000,0.000,133.850,14532.660
2020-04-24,134,18920.150,-249.950,-1201.800,17468.400,368.190,0.000,0.000,77.390,17913.980
2020-04-25,129,18667.420,-328.020,-856.080,17483.320,272.880,0.000,0.000,55.180,17811.380
2020-04-26,82,10745.900,-1961.290,-655.440,8129.170,233.340,0.000,0.000,32.940,8395.450
2020-04-27,98,24218.490,-2088.500,-833.960,21296.030,601.000,0.000,0.000,62.750,21959.780
2020-04-28,132,23688.290,-1115.020,-645.350,21927.920,415.980,0.000,0.000,38.170,22382.070
2020-04-29,130,19116.420,-550.660,-427.440,18138.320,450.950,0.000,0.000,36.870,18626.140
2020-04-30,153,24578.780,-644.180,-1975.530,21959.070,443.430,0.000,0.000,66.640,22469.140
2020-05-01,133,17224.820,-641.640,-1276.980,15306.200,332.410,0.000,0.000,35.110,15673.720
2020-05-02,141,20385.920,-236.620,-1770.010,18379.290,378.160,0.000,0.000,35.690,18793.140
2020-05-03,84,10872.060,-564.930,-1053.690,9253.440,230.930,0.000,0.000,26.940,9511.310
2020-05-04,106,16030.720,-620.230,-576.030,14834.460,664.550,0.000,0.000,55.640,15554.650
2020-05-05,137,21417.490,-507.060,-1245.390,19665.040,722.320,0.000,0.000,70.590,20457.950
2020-05-06,163,28931.050,-563.780,-1259.760,27107.510,686.580,0.000,0.000,113.030,27907.120
2020-05-07,166,24290.080,-225.420,-1834.390,22230.270,433.190,0.000,0.000,47.320,22710.780
2020-05-08,133,18464.800,-293.330,-1835.590,16335.880,592.350,0.000,0.000,74.680,17002.910
2020-05-09,167,22883.160,-844.150,-3361.990,18677.020,596.040,0.000,0.000,65.970,19339.030
2020-05-10,75,9974.410,-130.720,-636.380,9207.310,439.640,0.000,0.000,38.280,9685.230
2020-05-11,87,13106.000,-624.950,-608.630,11872.420,452.420,0.000,0.000,25.890,12350.730
2020-05-12,106,19136.930,-1973.690,-2392.440,14770.800,468.930,0.000,0.000,95.890,15335.620
2020-05-13,97,14784.190,-344.030,-670.870,13769.290,312.470,0.000,0.000,28.300,14110.060
2020-05-14,130,21446.440,-1129.360,-1318.890,18998.190,454.870,0.000,0.000,74.070,19527.130
2020-05-15,115,16344.520,-399.230,-707.810,15237.480,372.020,0.000,0.000,56.770,15666.270
2020-05-16,127,15646.350,-357.910,-1881.120,13407.320,350.420,0.000,0.000,65.170,13822.910
2020-05-17,83,10384.480,-400.710,-607.760,9376.010,333.750,0.000,0.000,47.190,9756.950
2020-05-18,85,12521.580,-1971.200,-712.920,9837.460,293.980,0.000,0.000,25.440,10156.880
2020-05-19,114,16342.320,-393.030,-924.000,15025.290,631.770,0.000,0.000,48.790,15705.850
2020-05-20,114,17498.860,-293.790,-1615.360,15589.710,186.670,0.000,0.000,52.860,15829.240
2020-05-21,114,15736.060,-1321.080,-1476.270,12938.710,492.790,0.000,0.000,62.750,13494.250
2020-05-22,117,16319.400,-606.390,-1567.250,14145.760,349.070,0.000,0.000,46.050,14540.880
2020-05-23,124,17710.130,-600.600,-2258.610,14850.920,232.090,0.000,0.000,30.170,15113.180
2020-05-24,62,9038.090,-301.430,-1198.590,7538.070,189.230,0.000,0.000,41.920,7769.220
2020-05-25,72,9814.000,-807.120,-1285.990,7720.890,74.630,0.000,0.000,51.340,7846.860
2020-05-26,67,8699.490,-774.300,-1101.200,6823.990,279.940,0.000,0.000,39.690,7143.620
2020-05-27,92,13271.560,-1892.410,-1339.330,10039.820,418.150,0.000,0.000,59.130,10517.100
2020-05-28,107,15333.930,-890.990,-1420.320,13022.620,296.150,0.000,0.000,61.960,13380.730
2020-05-29,99,15959.950,-347.240,-676.210,14936.500,245.880,0.000,0.000,41.060,15223.440
2020-05-30,95,17088.730,-708.490,-563.500,15816.740,285.180,0.000,0.000,25.300,16127.220
2020-05-31,82,13034.580,-837.890,-876.880,11319.810,270.300,0.000,0.000,65.870,11655.980
2020-06-01,79,14501.600,-697.290,-575.340,13228.970,361.900,0.000,0.000,100.510,13691.380
2020-06-02,80,12436.470,-812.530,-1271.290,10352.650,191.360,0.000,0.000,23.040,10567.050
2020-06-03,69,9708.730,-239.740,-522.770,8946.220,466.310,0.000,0.000,108.650,9521.180
2020-06-04,103,14641.670,-853.100,-1230.260,12558.310,241.420,0.000,0.000,66.910,12866.640
2020-06-05,96,13547.370,-630.910,-1588.820,11327.640,326.240,0.000,0.000,50.330,11704.210
2020-06-06,126,16432.710,-353.000,-815.080,15264.630,501.820,0.000,0.000,96.520,15862.970
2020-06-07,64,9929.310,-393.960,-225.430,9309.920,167.300,0.000,0.000,41.300,9518.520
2020-06-08,83,12490.800,-642.930,-1001.580,10846.290,503.280,0.000,0.000,43.700,11393.270
2020-06-09,86,18779.330,-956.050,-935.020,16888.260,480.680,0.000,0.000,57.180,17426.120
2020-06-10,79,12712.120,-163.290,-613.810,11935.020,404.350,0.000,0.000,68.100,12407.470
2020-06-11,101,14137.880,-515.620,-1119.830,12502.430,371.070,0.000,0.000,104.410,12977.910
2020-06-12,95,13988.520,-454.920,-1142.780,12390.820,444.020,0.000,0.000,39.180,12874.020
2020-06-13,141,19748.250,-517.360,-443.900,18786.990,241.570,0.000,0.000,73.400,19101.960
2020-06-14,87,11694.940,-524.320,-229.320,10941.300,573.190,0.000,0.000,59.900,11574.390
2020-06-15,93,15675.940,-401.540,-390.840,14883.560,660.150,0.000,0.000,65.860,15609.570
2020-06-16,119,19286.030,-552.050,-274.030,18459.950,685.540,0.000,0.000,106.700,19252.190
2020-06-17,119,17660.910,-824.330,-1574.230,15262.350,705.350,0.000,0.000,105.450,16073.150
2020-06-18,123,19998.400,-464.660,-1140.200,18393.540,630.430,0.000,0.000,94.680,19118.650
2020-06-19,157,23162.280,-675.340,-2631.490,19855.450,330.700,0.000,0.000,94.930,20281.080
2020-06-20,179,22501.420,-1007.730,-2620.860,18872.830,621.750,0.000,0.000,121.610,19616.190
2020-06-21,127,15307.820,-561.600,-1944.200,12802.020,348.160,0.000,0.000,62.600,13212.780
2020-06-22,73,14682.540,-804.360,-1034.230,12843.950,490.270,0.000,0.000,46.710,13380.930
2020-06-23,90,16875.960,-813.810,-688.760,15373.390,422.530,0.000,0.000,76.450,15872.370
2020-06-24,85,11501.480,-225.060,-1232.420,10044.000,453.420,0.000,0.000,54.130,10551.550
2020-06-25,110,15730.020,-1027.100,-1846.570,12856.350,388.540,0.000,0.000,77.710,13322.600
2020-06-26,116,18660.820,-750.830,-389.540,17520.450,838.680,0.000,0.000,116.260,18475.390
2020-06-27,126,21357.150,-692.810,-1670.330,18994.010,313.430,0.000,0.000,134.370,19441.810
2020-06-28,141,18008.700,-615.980,-623.000,16769.720,813.350,0.000,0.000,103.930,17687.000
2020-06-29,101,17258.960,-1480.340,-341.420,15437.200,844.960,0.000,0.000,128.210,16410.370
2020-06-30,121,17726.230,-405.140,-653.450,16667.640,630.580,0.000,0.000,80.690,17378.910
2020-07-01,124,16252.630,-625.270,-1056.800,14570.560,522.620,0.000,0.000,88.890,15182.070
2020-07-02,164,23989.280,-1262.660,-1101.370,21625.250,182.080,0.000,0.000,79.580,21886.910
2020-07-03,195,27569.150,-630.330,-1655.090,25283.730,367.650,0.000,0.000,133.900,25785.280
2020-07-04,142,22879.420,-882.920,-2383.430,19613.070,210.320,0.000,0.000,79.250,19902.640
2020-07-05,75,9365.700,-632.200,-317.410,8416.090,449.700,0.000,0.000,43.890,8909.680
2020-07-06,84,13606.730,-1128.290,-209.940,12268.500,396.610,0.000,0.000,54.300,12719.410
2020-07-07,87,13165.770,-711.730,-856.820,11597.220,509.790,0.000,0.000,61.970,12168.980
2020-07-08,86,12179.720,-300.020,-479.790,11399.910,225.980,0.000,0.000,53.460,11679.350
2020-07-09,101,14700.270,-695.980,-798.380,13205.910,375.330,0.000,0.000,83.340,13664.580
2020-07-10,102,15439.210,-299.950,-917.720,14221.540,556.830,0.000,0.000,103.410,14881.780
2020-07-11,118,14395.340,-312.260,-300.120,13782.960,320.990,0.000,0.000,113.550,14217.500
2020-07-12,101,14198.640,-385.360,-149.960,13663.320,802.850,0.000,0.000,102.330,14568.500
2020-07-13,79,12753.120,-1009.680,-384.150,11359.290,320.920,0.000,0.000,67.870,11748.080
2020-07-14,90,14155.190,-531.180,-992.780,12631.230,235.020,0.000,0.000,42.970,12909.220
2020-07-15,77,9348.430,-467.210,-298.900,8582.320,496.680,0.000,0.000,53.410,9132.410
2020-07-16,98,12737.480,-524.840,-371.770,11840.870,288.220,0.000,0.000,80.600,12209.690
2020-07-17,115,14808.170,-267.300,-1009.740,13531.130,271.790,0.000,0.000,70.560,13873.480
2020-07-18,118,14143.760,-209.320,-741.090,13193.350,395.010,0.000,0.000,88.710,13677.070
2020-07-19,91,14023.050,-853.970,-420.150,12748.930,521.260,0.000,0.000,83.990,13354.180
2020-07-20,81,20457.940,-571.520,-524.310,19362.110,364.290,0.000,0.000,42.420,19768.820
2020-07-21,78,12429.830,-627.760,-423.190,11378.880,392.360,0.000,0.000,82.830,11854.070
2020-07-22,69,11721.970,-122.880,-211.940,11387.150,381.860,0.000,0.000,54.410,11823.420
2020-07-23,108,13377.250,-382.050,-271.990,12723.210,578.560,0.000,0.000,86.540,13388.310
2020-07-24,111,16497.410,-802.240,-575.700,15119.470,697.200,0.000,0.000,116.050,15932.720
2020-07-25,137,18709.030,-327.630,-397.310,17984.090,371.680,0.000,0.000,97.430,18453.200
2020-07-26,112,15709.320,-547.740,-431.910,14729.670,591.270,0.000,0.000,109.910,15430.850
2020-07-27,82,13315.590,-1216.470,-153.360,11945.760,566.620,0.000,0.000,60.940,12573.320
2020-07-28,81,11571.900,-206.080,-313.380,11052.440,463.860,0.000,0.000,51.110,11567.410
2020-07-29,80,11219.410,-250.620,-808.870,10159.920,760.490,0.000,0.000,95.030,11015.440
2020-07-30,108,17064.090,-1241.000,-534.380,15288.710,323.110,0.000,0.000,96.150,15707.970
2020-07-31,115,18214.710,-658.870,-1123.800,16432.040,346.280,0.000,0.000,116.960,16895.280
2020-08-01,91,13631.040,-1369.640,-85.550,12175.850,328.090,0.000,0.000,61.420,12565.360
2020-08-02,78,13333.820,-279.650,-386.860,12667.310,559.750,0.000,0.000,79.250,13306.310
2020-08-03,79,12046.260,-2203.140,-731.790,9111.330,500.010,0.000,0.000,50.280,9661.620
2020-08-04,92,11997.520,-701.310,-831.840,10464.370,615.580,0.000,0.000,52.250,11132.200
2020-08-05,93,14610.190,-1053.530,-1047.290,12509.370,693.790,0.000,0.000,79.310,13282.470
2020-08-06,96,12246.340,-1309.420,-683.240,10253.680,499.720,0.000,0.000,85.190,10838.590
2020-08-07,126,16285.200,-328.380,-1091.750,14865.070,303.440,0.000,0.000,106.830,15275.340
2020-08-08,132,18895.930,-569.250,-578.860,17747.820,535.660,0.000,0.000,93.880,18377.360
2020-08-09,100,14652.310,-301.950,-205.970,14144.390,579.210,0.000,0.000,86.070,14809.670
2020-08-10,80,11686.940,-705.710,-474.840,10506.390,430.270,0.000,0.000,70.240,11006.900
2020-08-11,75,10050.370,-309.380,-1324.990,8416.000,284.610,0.000,0.000,50.950,8751.550
2020-08-12,79,12118.340,-426.140,-505.860,11186.340,308.140,0.000,0.000,64.030,11558.510
2020-08-13,103,16128.500,-706.170,-661.510,14760.820,413.320,0.000,0.000,77.080,15251.220
2020-08-14,100,13289.700,-418.660,-798.430,12072.610,212.800,0.000,0.000,72.090,12357.500
2020-08-15,126,18776.040,-856.780,-661.550,17257.710,323.380,0.000,0.000,87.490,17668.580
2020-08-16,95,13538.910,-1706.430,-828.230,11004.250,400.360,0.000,0.000,95.230,11499.840
2020-08-17,65,10366.280,-864.110,-937.490,8564.680,524.290,0.000,0.000,29.800,9118.770
2020-08-18,75,9103.760,-595.680,-873.820,7634.260,531.490,0.000,0.000,66.650,8232.400
2020-08-19,55,8821.410,-909.640,-513.790,7397.980,289.940,0.000,0.000,34.440,7722.360
2020-08-20,95,13541.470,-688.570,-198.310,12654.590,700.560,0.000,0.000,96.220,13451.370
2020-08-21,103,12567.820,-662.320,-412.860,11492.640,204.940,0.000,0.000,46.120,11743.700
2020-08-22,118,17087.720,-272.660,-93.480,16721.580,541.520,0.000,0.000,73.250,17336.350
2020-08-23,105,15881.610,-260.490,-762.250,14858.870,404.870,0.000,0.000,73.820,15337.560
2020-08-24,80,12115.820,-1058.150,-647.040,10410.630,509.880,0.000,0.000,52.900,10973.410
2020-08-25,66,18501.560,-2745.000,-163.210,15593.350,461.550,0.000,0.000,54.280,16109.180
2020-08-26,63,10777.840,-423.480,-92.970,10261.390,614.880,0.000,0.000,61.400,10937.670
2020-08-27,72,10869.950,-1975.640,-90.920,8803.390,589.880,0.000,0.000,61.490,9454.760
2020-08-28,107,16848.050,-849.440,-329.630,15668.980,609.830,0.000,0.000,78.970,16357.780
2020-08-29,133,17935.950,-1143.610,-653.860,16138.480,486.910,0.000,0.000,94.420,16719.810
2020-08-30,83,11658.330,-294.800,-340.800,11022.730,524.850,0.000,0.000,66.100,11613.680
2020-08-31,77,15685.490,-595.840,-306.890,14782.760,886.250,0.000,0.000,91.750,15760.760
2020-09-01,69,11380.220,-827.820,-717.560,9834.840,389.890,0.000,0.000,57.180,10281.910
2020-09-02,81,14758.420,-819.430,-171.860,13767.130,874.800,0.000,0.000,104.740,14746.670
2020-09-03,100,13968.040,-746.040,-1023.150,12198.850,405.440,0.000,0.000,44.610,12648.900
2020-09-04,131,19763.530,-386.690,-1210.220,18166.620,899.800,0.000,0.000,138.260,19204.680
2020-09-05,139,17696.630,-769.750,-2095.890,14830.990,194.930,0.000,0.000,63.440,15089.360
2020-09-06,110,17104.840,-554.390,-986.820,15563.630,744.810,0.000,0.000,125.550,16433.990
2020-09-07,83,10358.210,-440.410,-103.970,9813.830,617.240,0.000,0.000,78.080,10509.150
2020-09-08,55,9255.070,-399.740,-667.260,8188.070,379.880,0.000,0.000,35.950,8603.900
2020-09-09,64,10609.260,-1033.010,-286.730,9289.520,524.860,0.000,0.000,83.020,9897.400
2020-09-10,79,13311.900,-514.970,-159.950,12636.980,522.250,0.000,0.000,69.800,13229.030
2020-09-11,95,16539.850,-325.380,-328.030,15886.440,419.900,0.000,0.000,164.390,16470.730
2020-09-12,97,14024.190,-153.120,-687.860,13183.210,409.880,0.000,0.000,92.300,13685.390
2020-09-13,98,15804.610,-247.840,-524.340,15032.430,409.890,0.000,0.000,72.850,15515.170
2020-09-14,69,11820.200,-440.820,-710.140,10669.240,790.750,0.000,0.000,86.700,11546.690
2020-09-15,68,11849.360,-379.900,-919.770,10549.690,469.890,0.000,0.000,60.890,11080.470
2020-09-16,71,11440.030,-358.630,-900.540,10180.860,492.910,0.000,0.000,108.040,10781.810
2020-09-17,93,16186.950,-813.330,-1682.130,13691.490,595.060,0.000,0.000,95.020,14381.570
2020-09-18,98,14045.890,-1464.160,-258.950,12322.780,209.930,0.000,0.000,93.350,12626.060
2020-09-19,118,14932.050,-212.100,-328.710,14391.240,369.920,0.000,0.000,119.930,14881.090
2020-09-20,74,9067.900,-235.140,-19.780,8812.980,840.120,0.000,0.000,125.810,9778.910
2020-09-21,76,13596.910,-1033.650,-1894.180,10669.080,599.850,0.000,0.000,45.240,11314.170
2020-09-22,72,10795.880,-300.420,-497.430,9998.030,514.920,0.000,0.000,72.810,10585.760
2020-09-23,53,7249.100,-375.970,-446.510,6426.620,199.950,0.000,0.000,47.450,6674.020
2020-09-24,91,15295.100,-474.110,0.000,14820.990,494.870,0.000,0.000,89.830,15405.690
2020-09-25,94,13458.360,-153.690,-632.400,12672.270,684.860,0.000,0.000,123.070,13480.200
2020-09-26,111,13012.250,-123.190,-690.250,12198.810,189.950,0.000,0.000,81.290,12470.050
2020-09-27,68,11428.030,-218.260,-23.990,11185.780,294.920,0.000,0.000,70.360,11551.060
2020-09-28,62,10052.930,-638.560,-609.950,8804.420,339.910,0.000,0.000,64.770,9209.100
2020-09-29,90,18865.930,-1019.320,-947.550,16899.060,449.900,0.000,0.000,119.860,17468.820
2020-09-30,69,11690.280,-308.440,-192.940,11188.900,439.900,0.000,0.000,83.920,11712.720
2020-10-01,76,10704.680,-315.960,-178.890,10209.830,134.970,0.000,0.000,47.770,10392.570
2020-10-02,115,19946.270,-375.640,-764.960,18805.670,374.930,0.000,0.000,165.190,19345.790
2020-10-03,129,17861.310,-379.090,-546.120,16936.100,429.910,0.000,0.000,116.470,17482.480
2020-10-04,69,9714.530,-327.270,-257.060,9130.200,529.880,0.000,0.000,71.980,9732.060
2020-10-05,78,13111.580,-532.360,-523.460,12055.760,820.680,0.000,0.000,67.890,12944.330
2020-10-06,61,9495.250,-333.320,-189.570,8972.360,224.930,0.000,0.000,73.800,9271.090
2020-10-07,82,14276.550,-1894.890,-258.440,12123.220,429.890,0.000,0.000,101.370,12654.480
2020-10-08,83,13229.870,-516.740,-564.970,12148.160,419.890,0.000,0.000,60.980,12629.030
2020-10-09,100,16364.630,-725.170,-1131.390,14508.070,129.960,0.000,0.000,78.470,14716.500
2020-10-10,124,16645.310,-623.970,-300.310,15721.030,541.090,0.000,0.000,162.930,16425.050
2020-10-11,101,9929.510,-378.240,-130.960,9420.310,249.940,0.000,0.000,58.000,9728.250
2020-10-12,64,14498.430,-4504.430,-561.710,9432.290,469.920,0.000,0.000,65.920,9968.130
2020-10-13,62,12148.120,-548.160,-351.440,11248.520,754.840,0.000,0.000,97.990,12101.350
2020-10-14,56,8610.200,-396.190,-616.000,7598.010,279.920,0.000,0.000,50.260,7928.190
2020-10-15,97,14349.130,-412.440,-367.890,13568.800,249.930,0.000,0.000,36.530,13855.260
2020-10-16,102,16107.570,-1061.780,-627.200,14418.590,449.920,0.000,0.000,99.470,14967.980
2020-10-17,139,20708.170,-670.390,-507.850,19529.930,499.850,0.000,0.000,106.280,20136.060
2020-10-18,86,13321.250,-284.880,-287.390,12748.980,429.900,0.000,0.000,67.330,13246.210
2020-10-19,80,12657.330,-840.460,-246.930,11569.940,459.870,0.000,0.000,60.740,12090.550
2020-10-20,70,8937.100,-1035.900,-471.010,7430.190,364.930,0.000,0.000,74.470,7869.590
2020-10-21,72,13639.850,-1321.100,-173.980,12144.770,259.940,0.000,0.000,63.860,12468.570
2020-10-22,76,11536.270,-894.670,-596.160,10045.440,434.900,0.000,0.000,94.100,10574.440
2020-10-23,103,14857.250,-1637.590,-157.950,13061.710,459.890,0.000,0.000,78.430,13600.030
2020-10-24,122,23172.120,-1359.770,-458.550,21353.800,234.920,0.000,0.000,247.150,21835.870
2020-10-25,77,8390.530,-501.740,-422.920,7465.870,389.890,0.000,0.000,60.490,7916.250
2020-10-26,78,12562.140,-966.940,-370.770,11224.430,484.900,0.000,0.000,77.590,11786.920
2020-10-27,62,7823.180,-239.770,-385.190,7198.220,366.410,0.000,0.000,53.940,7618.570
2020-10-28,73,14947.970,-3154.560,-820.260,10973.150,309.930,0.000,0.000,77.920,11361.000
2020-10-29,94,20030.450,-4055.600,-1160.540,14814.310,429.890,0.000,0.000,171.400,15415.600
2020-10-30,101,14919.200,-1504.990,-199.410,13214.800,409.880,0.000,0.000,95.300,13719.980
2020-10-31,113,15295.200,-454.460,-527.060,14313.680,479.870,0.000,0.000,128.650,14922.200
2020-11-01,123,16787.010,-421.190,-461.870,15903.950,466.410,0.000,0.000,86.930,16457.290
2020-11-02,93,15775.060,-1436.100,-165.420,14173.540,769.840,0.000,0.000,109.750,15053.130
2020-11-03,69,10223.610,-386.260,-325.440,9511.910,514.880,0.000,0.000,66.720,10093.510
2020-11-04,73,12194.090,-1432.950,-171.600,10589.540,564.870,0.000,0.000,63.060,11217.470
2020-11-05,96,13068.380,-809.880,-562.430,11696.070,294.920,0.000,0.000,99.940,12090.930
2020-11-06,109,12632.260,-490.050,-362.430,11779.780,484.440,0.000,0.000,72.850,12337.070
2020-11-07,137,19035.250,-731.710,-533.900,17769.640,364.900,0.000,0.000,172.710,18307.250
2020-11-08,88,13295.960,-397.970,-310.440,12587.550,599.830,0.000,0.000,102.700,13290.080
2020-11-09,88,16354.210,-2536.480,-153.440,13664.290,544.870,0.000,0.000,101.890,14311.050
2020-11-10,81,13312.910,-810.960,-512.170,11989.780,733.350,0.000,0.000,99.550,12822.680
2020-11-11,120,16625.420,-788.100,-1325.670,14511.650,929.790,0.000,0.000,147.380,15588.820
2020-11-12,100,14601.390,-1123.290,-800.490,12677.610,519.900,0.000,0.000,64.740,13262.250
2020-11-13,121,19161.840,-2364.490,-274.620,16522.730,934.760,0.000,0.000,169.770,17627.260
2020-11-14,164,24171.730,-506.090,-91.960,23573.680,794.810,0.000,0.000,141.230,24509.720
2020-11-15,125,21961.240,-2305.060,-610.700,19045.480,924.800,0.000,0.000,186.130,20156.410
2020-11-16,122,20645.860,-2072.810,-1798.220,16774.830,1059.740,0.000,0.000,129.090,17963.660
2020-11-17,86,17265.110,-2957.680,-357.930,13949.500,634.870,0.000,0.000,69.950,14654.320
2020-11-18,117,19056.490,-1657.990,-1861.400,15537.100,649.850,0.000,0.000,98.420,16285.370
2020-11-19,132,23598.950,-2171.960,-1347.810,20079.180,973.970,0.000,0.000,198.770,21251.920
2020-11-20,117,18666.460,-1551.880,-743.760,16370.820,384.940,0.000,0.000,121.070,16876.830
2020-11-21,167,23115.150,-653.670,-502.920,21958.560,864.820,0.000,0.000,154.650,22978.030
2020-11-22,101,14778.960,-326.740,-128.940,14323.280,604.860,0.000,0.000,132.130,15060.270
2020-11-23,116,14995.330,-775.160,-900.200,13319.970,329.930,0.000,0.000,109.020,13758.920
2020-11-24,132,18513.360,-1160.220,-725.850,16627.290,564.890,0.000,0.000,151.780,17343.960
2020-11-25,121,17900.400,-1075.590,-1152.060,15672.750,219.940,0.000,0.000,117.030,16009.720
2020-11-26,52,10010.730,-109.530,-3463.480,6437.720,289.940,0.000,0.000,43.000,6770.660
2020-11-27,217,43267.850,-9515.260,-551.860,33200.730,1339.650,0.000,0.000,317.520,34857.900
2020-11-28,121,18335.790,-1386.710,-103.890,16845.190,494.860,0.000,0.000,167.240,17507.290
2020-11-29,93,13011.170,-1141.930,-181.940,11687.300,474.870,0.000,0.000,68.280,12230.450
2020-11-30,141,28764.070,-4429.950,-1051.130,23282.990,984.760,0.000,0.000,106.510,24374.260
2020-12-01,68,12801.880,-442.100,-242.440,12117.340,569.870,0.000,0.000,62.750,12749.960
2020-12-02,88,13321.180,-1158.090,-60.970,12102.120,844.810,0.000,0.000,101.410,13048.340
2020-12-03,110,17424.460,-1818.880,-648.500,14957.080,819.790,0.000,0.000,139.370,15916.240
2020-12-04,133,21956.770,-1499.390,-1126.660,19330.720,634.850,0.000,0.000,158.220,20123.790
2020-12-05,173,26963.090,-3747.210,-552.190,22663.690,699.850,0.000,0.000,180.230,23543.770
2020-12-06,132,26191.040,-1654.870,-4611.950,19924.220,946.420,0.000,0.000,145.900,21016.540
2020-12-07,96,19486.640,-3604.090,-460.840,15421.710,835.860,0.000,0.000,116.530,16374.100
2020-12-08,115,18198.370,-4621.670,-161.720,13414.980,1113.720,0.000,0.000,131.310,14660.010
2020-12-09,148,28768.560,-10203.780,-643.720,17921.060,1382.140,0.000,0.000,137.100,19440.300
2020-12-10,202,29988.550,-11328.530,-1212.450,17447.570,929.770,0.000,0.000,147.940,18525.280
2020-12-11,182,55212.670,-6619.320,-322.340,48271.010,1614.590,0.000,0.000,253.920,50139.520
2020-12-12,182,32204.940,-1027.890,-598.930,30578.120,726.920,0.000,0.000,230.110,31535.150
2020-12-13,165,27861.330,-1912.010,-277.040,25672.280,1604.570,0.000,0.000,266.110,27542.960
2020-12-14,161,31552.240,-3343.420,-755.050,27453.770,1696.710,0.000,0.000,278.610,29429.090
2020-12-15,200,38995.850,-2795.570,-531.290,35668.990,2339.470,0.000,0.000,268.380,38276.840
2020-12-16,194,41402.490,-7590.040,-1764.070,32048.380,2189.590,0.000,0.000,307.170,34545.140
2020-12-17,188,32444.660,-2545.240,-2073.270,27826.150,1864.550,0.000,0.000,162.460,29853.160
2020-12-18,180,31894.110,-2239.090,-1081.040,28573.980,1804.670,0.000,0.000,254.290,30632.940
2020-12-19,219,34595.430,-2272.310,-1155.310,31167.810,1389.780,0.000,0.000,248.360,32805.950
2020-12-20,154,22722.860,-459.980,-1320.840,20942.040,1490.330,0.000,0.000,249.290,22681.660
2020-12-21,223,38085.390,-4098.020,-1233.750,32753.620,1206.870,0.000,0.000,200.000,34160.490
2020-12-22,210,35450.070,-3442.860,-2286.110,29721.100,994.810,0.000,0.000,235.070,30950.980
2020-12-23,223,36274.470,-1870.200,-2916.590,31487.680,714.830,0.000,0.000,302.480,32504.990
2020-12-24,162,24080.130,-509.360,-3987.350,19583.420,479.890,0.000,0.000,186.060,20249.370
2020-12-25,90,14442.650,-204.350,-120.970,14117.330,694.800,0.000,0.000,123.880,14936.010
2020-12-26,126,22778.410,-1556.000,-588.380,20634.030,389.920,0.000,0.000,150.280,21174.230
2020-12-27,93,12577.250,-714.760,-668.000,11194.490,329.920,0.000,0.000,64.580,11588.990
2020-12-28,103,14903.230,-678.020,-1732.860,12492.350,544.910,0.000,0.000,108.220,13145.480
2020-12-29,155,27500.440,-538.200,-1765.260,25196.980,815.450,0.000,0.000,235.280,26247.710
2020-12-30,250,46238.530,-5724.690,-2491.610,38022.230,719.820,0.000,0.000,275.090,39017.140
2020-12-31,176,24197.180,-617.470,-3094.150,20485.560,279.930,0.000,0.000,147.240,20912.730
2021-01-01,78,16638.940,-5413.110,-438.250,10787.580,409.900,0.000,0.000,105.890,11303.370
2021-01-02,114,15888.070,-492.840,-568.890,14826.340,514.870,0.000,0.000,106.360,15447.570
2021-01-03,77,10950.690,-214.800,-207.980,10527.910,229.940,0.000,0.000,55.340,10813.190
2021-01-04,60,9264.220,-1371.690,-846.480,7046.050,299.930,0.000,0.000,49.520,7395.500
2021-01-05,69,10816.490,-1562.070,-368.820,8885.600,289.930,0.000,0.000,93.060,9268.590
2021-01-06,86,14074.340,-1974.180,-851.830,11248.330,599.840,0.000,0.000,95.210,11943.380
2021-01-07,101,13238.150,-331.030,-572.280,12334.840,679.830,0.000,0.000,99.060,13113.730
2021-01-08,97,13027.050,-1245.450,-795.940,10985.660,394.920,0.000,0.000,61.940,11442.520
2021-01-09,145,19514.200,-681.950,-851.310,17980.940,339.910,0.000,0.000,106.700,18427.550
2021-01-10,118,18553.890,-429.550,-826.650,17297.690,519.910,0.000,0.000,140.190,17957.790
2021-01-11,82,14452.360,-3103.350,-23.990,11325.020,459.880,0.000,0.000,111.640,11896.540
2021-01-12,88,12671.500,-650.740,-183.720,11837.040,774.840,0.000,0.000,128.020,12739.900
2021-01-13,87,13131.620,-1244.250,-343.900,11543.470,420.680,0.000,0.000,71.980,12036.130
2021-01-14,110,15379.770,-1302.580,-770.410,13306.780,489.870,0.000,0.000,99.850,13896.500
2021-01-15,119,15282.410,-1840.310,-261.230,13180.870,369.910,0.000,0.000,143.420,13694.200
2021-01-16,150,19839.670,-316.720,-428.620,19094.330,569.830,0.000,0.000,145.410,19809.570
2021-01-17,144,20231.100,-449.550,-694.750,19086.800,634.870,0.000,0.000,113.320,19834.990
2021-01-18,100,18296.170,-3573.580,-1014.970,13707.620,414.900,0.000,0.000,75.550,14198.070
2021-01-19,70,12276.280,-3454.920,-3178.290,5643.070,229.920,0.000,0.000,42.000,5914.990
2021-01-20,67,10632.870,-1850.780,-420.880,8361.210,439.930,0.000,0.000,63.870,8865.010
2021-01-21,122,18145.170,-2014.570,-674.350,15456.250,369.880,0.000,0.000,92.460,15918.590
2021-01-22,136,19807.530,-1567.990,-416.350,17823.190,898.160,0.000,0.000,140.430,18861.780
2021-01-23,172,23745.430,-1447.180,-383.530,21914.720,589.850,0.000,0.000,158.210,22662.780
2021-01-24,114,14343.930,-347.160,-633.810,13362.960,439.880,0.000,0.000,120.430,13923.270
2021-01-25,85,17036.710,-4584.870,-367.230,12084.610,459.860,0.000,0.000,89.190,12633.660
2021-01-26,95,14704.430,-917.990,-938.910,12847.530,429.890,0.000,0.000,76.770,13354.190
2021-01-27,81,12075.150,-1768.470,-330.390,9976.290,389.910,0.000,0.000,80.560,10446.760
2021-01-28,105,14058.160,-536.700,-741.830,12779.630,429.890,0.000,0.000,78.910,13288.430
2021-01-29,125,16580.970,-1173.450,-246.430,15161.090,444.880,0.000,0.000,107.130,15713.100
2021-01-30,167,23172.400,-3873.950,-535.740,18762.710,489.970,0.000,0.000,123.830,19376.510
2021-01-31,160,30387.890,-1680.230,-702.330,28005.330,909.720,0.000,0.000,187.980,29103.030
2021-02-01,129,19441.200,-2028.960,-256.000,17156.240,594.860,0.000,0.000,121.200,17872.300
2021-02-02,102,18660.020,-498.940,-403.380,17757.700,800.170,0.000,0.000,90.390,18648.260
2021-02-03,129,20112.140,-870.050,-580.270,18661.820,689.830,0.000,0.000,147.070,19498.720
2021-02-04,126,23211.400,-1841.830,-560.250,20809.320,979.810,0.000,0.000,190.920,21980.050
2021-02-05,170,28718.140,-5687.410,-1675.650,21355.080,679.840,0.000,0.000,142.950,22177.870
2021-02-06,223,30629.520,-1623.510,-783.860,28222.150,719.840,0.000,0.000,254.240,29196.230
2021-02-07,147,20329.760,-1275.310,-1180.530,17873.920,379.900,0.000,0.000,109.380,18363.200
2021-02-08,93,17210.000,-1337.090,-2132.360,13740.550,944.790,0.000,0.000,126.760,14812.100
2021-02-09,81,12583.150,-2045.280,-430.930,10106.940,568.980,0.000,0.000,85.570,10761.490
2021-02-10,90,11964.180,-716.540,-535.530,10712.110,584.850,0.000,0.000,83.720,11380.680
2021-02-11,97,19304.390,-2213.940,-637.160,16453.290,594.900,0.000,0.000,125.010,17173.200
2021-02-12,143,32328.740,-15151.490,-69.970,17107.280,299.940,0.000,0.000,125.590,17532.810
2021-02-13,219,28860.820,-1238.590,-214.710,27407.520,434.930,0.000,0.000,168.080,28010.530
2021-02-14,150,18869.520,-648.270,-519.340,17701.910,429.890,0.000,0.000,116.460,18248.260
2021-02-15,84,19488.350,-6272.700,-729.480,12486.170,419.890,0.000,0.000,70.850,12976.910
2021-02-16,72,11646.620,-863.260,-225.210,10558.150,729.850,0.000,0.000,90.300,11378.300
2021-02-17,75,18862.420,-3012.760,-647.730,15201.930,514.910,0.000,0.000,73.470,15790.300
2021-02-18,99,18267.310,-4229.750,-664.820,13372.740,149.960,0.000,0.000,80.240,13602.940
2021-02-19,95,16651.050,-2581.510,-1375.130,12694.410,103.960,0.000,0.000,69.470,12867.840
2021-02-20,151,23970.750,-3507.590,-476.980,19986.180,229.930,0.000,0.000,153.580,20369.690
2021-02-21,125,18357.830,-540.230,-411.350,17406.250,614.870,0.000,0.000,139.640,18160.760
2021-02-22,67,21025.030,-11357.260,-454.970,9212.800,524.690,0.000,0.000,76.700,9814.190
2021-02-23,82,22827.830,-12150.410,-532.080,10145.340,553.850,0.000,0.000,66.880,10766.070
2021-02-24,82,14185.380,-3672.280,-309.860,10203.240,339.930,0.000,0.000,67.710,10610.880
2021-02-25,113,15415.840,-620.560,-121.690,14673.590,439.900,0.000,0.000,110.090,15223.580
2021-02-26,107,21063.870,-5534.780,-335.780,15193.310,189.950,0.000,0.000,124.430,15507.690
2021-02-27,141,22233.480,-4022.610,-443.910,17766.960,449.890,0.000,0.000,143.330,18360.180
2021-02-28,97,15085.950,-540.270,-368.610,14177.070,559.870,0.000,0.000,123.960,14860.900
2021-03-01,101,22721.340,-7113.670,-147.190,15460.480,824.810,0.000,0.000,98.300,16383.590
2021-03-02,83,15134.450,-1776.900,-791.950,12565.600,789.830,0.000,0.000,203.420,13558.850
2021-03-03,100,15415.670,-2419.070,-325.960,12670.640,569.850,0.000,0.000,73.980,13314.470
2021-03-04,113,16933.710,-2032.840,-495.850,14405.020,519.860,0.000,0.000,83.680,15008.560
2021-03-05,110,17908.400,-3388.840,-231.210,14288.350,439.910,0.000,0.000,90.180,14818.440
2021-03-06,136,20632.000,-2699.900,-406.850,17525.250,353.890,0.000,0.000,99.910,17979.050
2021-03-07,132,23782.010,-3237.450,-707.180,19837.380,489.890,0.000,0.000,136.380,20463.650
2021-03-08,100,15127.220,-615.080,-584.630,13927.510,609.850,0.000,0.000,103.550,14640.910
2021-03-09,73,12698.360,-1548.160,-298.460,10851.740,399.900,0.000,0.000,92.240,11343.880
2021-03-10,92,14366.090,-2013.750,-910.100,11442.240,499.890,0.000,0.000,79.220,12021.350
2021-03-11,102,17955.620,-5085.400,-313.410,12556.810,534.870,0.000,0.000,94.780,13186.460
2021-03-12,101,20632.940,-4467.500,-184.860,15980.580,354.920,0.000,0.000,147.790,16483.290
2021-03-13,185,30868.550,-3596.100,-415.420,26857.030,629.840,0.000,0.000,193.020,27679.890
2021-03-14,134,20805.670,-1230.770,-445.420,19129.480,489.870,0.000,0.000,162.260,19781.610
2021-03-15,92,16085.820,-1369.970,-693.490,14022.360,739.790,0.000,0.000,76.880,14839.030
2021-03-16,78,20791.240,-613.140,-435.330,19742.770,604.870,0.000,0.000,104.870,20452.510
2021-03-17,109,18893.580,-3532.970,-609.580,14751.030,604.850,0.000,0.000,81.460,15437.340
2021-03-18,148,29902.260,-7653.100,-539.390,21709.770,789.810,0.000,0.000,148.450,22648.030
2021-03-19,133,21246.760,-3307.800,-533.880,17405.080,383.890,0.000,0.000,91.600,17880.570
2021-03-20,182,26798.080,-2529.980,-1376.310,22891.790,294.940,0.000,0.000,148.220,23334.950
2021-03-21,124,21360.730,-2662.170,-1302.800,17395.760,1144.740,0.000,0.000,187.140,18727.640
2021-03-22,93,17441.460,-1577.350,-200.560,15663.550,559.840,0.000,0.000,80.080,16303.470
2021-03-23,85,14868.030,-1841.690,-507.810,12518.530,674.850,0.000,0.000,123.710,13317.090
2021-03-24,112,20049.260,-2451.690,-1308.350,16289.220,524.870,0.000,0.000,96.170,16910.260
2021-03-25,123,27477.020,-2597.210,-798.770,24081.040,309.900,0.000,0.000,140.810,24531.750
2021-03-26,151,28368.780,-9703.440,-1178.680,17486.660,474.890,0.000,0.000,129.090,18090.640
2021-03-27,168,23920.140,-2103.940,-545.900,21270.300,723.850,0.000,0.000,152.690,22146.840
2021-03-28,138,17037.130,-522.150,-229.410,16285.570,829.820,0.000,0.000,101.330,17216.720
2021-03-29,112,19062.060,-1072.400,-329.400,17660.260,974.200,0.000,0.000,112.080,18746.540
2021-03-30,97,17455.680,-1641.100,-636.970,15177.610,647.870,0.000,0.000,94.480,15919.960
2021-03-31,127,21026.200,-3511.950,-570.240,16944.010,419.880,0.000,0.000,96.080,17459.970
2021-04-01,131,21827.900,-3412.860,-819.920,17595.120,329.940,0.000,0.000,91.490,18016.550
2021-04-02,153,28838.240,-7236.230,-151.620,21450.390,267.910,0.000,0.000,242.980,21961.280
2021-04-03,152,26597.620,-2415.260,-1745.660,22436.700,179.950,0.000,0.000,120.200,22736.850
2021-04-04,100,16456.870,-2955.580,-432.120,13069.170,283.900,0.000,0.000,122.580,13475.650
2021-04-05,85,16795.780,-2877.180,-530.630,13387.970,514.870,0.000,0.000,64.910,13967.750
2021-04-06,96,18923.430,-2324.500,-646.440,15952.490,844.820,0.000,0.000,254.830,17052.140
2021-04-07,80,13022.930,-2700.130,-552.790,9770.010,684.820,0.000,0.000,106.040,10560.870
2021-04-08,102,17350.620,-2802.780,-199.470,14348.370,294.930,0.000,0.000,121.730,14765.030
2021-04-09,117,27938.480,-9935.010,-360.940,17642.530,495.450,0.000,0.000,136.970,18274.950
2021-04-10,152,24493.460,-5547.030,-655.840,18290.590,489.860,0.000,0.000,121.790,18902.240
2021-04-11,104,18520.910,-1181.750,-386.860,16952.300,699.840,0.000,0.000,93.610,17745.750
2021-04-12,92,18880.350,-2403.650,-121.210,16355.490,269.940,0.000,0.000,61.690,16687.120
2021-04-13,80,16025.120,-3708.780,-1211.080,11105.260,459.870,0.000,0.000,94.980,11660.110
2021-04-14,77,15172.020,-2012.130,-146.920,13012.970,505.320,0.000,0.000,81.890,13600.180
2021-04-15,129,22888.040,-1588.070,-570.890,20729.080,729.790,0.000,0.000,92.370,21551.240
2021-04-16,129,25238.620,-7408.260,-125.350,17705.010,449.890,0.000,0.000,98.520,18253.420
2021-04-17,147,22805.180,-3477.400,-468.900,18858.880,534.870,0.000,0.000,95.980,19489.730
2021-04-18,103,16989.420,-2435.420,-179.980,14374.020,489.870,0.000,0.000,78.410,14942.300
2021-04-19,85,13922.740,-750.780,-405.480,12766.480,509.890,0.000,0.000,62.560,13338.930
2021-04-20,79,15084.360,-3908.700,-716.380,10459.280,389.910,0.000,0.000,77.520,10926.710
2021-04-21,106,19759.470,-2733.700,-1023.610,16002.160,263.940,0.000,0.000,117.960,16384.060
2021-04-22,108,15106.390,-3012.860,-498.900,11594.630,724.800,0.000,0.000,116.910,12436.340
2021-04-23,126,26550.940,-9323.830,-394.410,16832.700,554.850,0.000,0.000,174.360,17561.910
2021-04-24,180,26056.780,-4457.350,-1296.060,20303.370,364.910,0.000,0.000,123.900,20792.180
2021-04-25,148,21649.240,-857.990,-259.440,20531.810,773.790,0.000,0.000,162.700,21468.300
2021-04-26,95,21278.680,-4839.640,-391.270,16047.770,619.860,0.000,0.000,83.590,16751.220
2021-04-27,92,21283.400,-5256.670,-680.260,15346.470,303.910,0.000,0.000,172.920,15823.300
2021-04-28,109,21510.590,-2406.490,-585.170,18518.930,569.860,0.000,0.000,164.740,19253.530
2021-04-29,105,21936.690,-2730.940,-765.250,18440.500,154.960,0.000,0.000,140.660,18736.120
2021-04-30,126,22211.540,-4075.920,-96.440,18039.180,343.920,0.000,0.000,80.040,18463.140
2021-05-01,170,28627.800,-5538.850,-1625.770,21463.180,839.800,0.000,0.000,181.400,22484.380
2021-05-02,131,24379.650,-3168.580,-426.310,20784.760,929.780,0.000,0.000,133.240,21847.780
2021-05-03,98,16899.740,-1708.960,-183.550,15007.230,934.770,0.000,0.000,105.040,16047.040
2021-05-04,98,19371.100,-3273.570,-1941.370,14156.160,494.890,0.000,0.000,113.040,14764.090
2021-05-05,96,14885.020,-604.780,-188.910,14091.330,388.920,0.000,0.000,94.260,14574.510
2021-05-06,120,24747.990,-4551.500,-53.980,20142.510,664.880,0.000,0.000,112.890,20920.280
2021-05-07,129,25716.820,-3893.930,-1215.320,20607.570,369.900,0.000,0.000,153.700,21131.170
2021-05-08,207,32127.160,-1850.030,-1368.760,28908.370,333.910,0.000,0.000,186.000,29428.280
2021-05-09,118,24427.290,-5930.050,-387.500,18109.740,738.320,0.000,0.000,185.270,19033.330
2021-05-10,80,20936.350,-8950.420,-193.410,11792.520,734.800,0.000,0.000,91.190,12618.500
2021-05-11,96,18778.570,-1661.110,-997.390,16120.070,784.840,0.000,0.000,126.500,17031.410
2021-05-12,79,13170.630,-2866.480,-64.610,10239.540,454.200,0.000,0.000,62.850,10756.590
2021-05-13,94,17924.660,-2197.960,-568.960,15157.740,394.890,0.000,0.000,137.520,15690.150
2021-05-14,154,32703.090,-7349.350,-1072.240,24281.500,333.900,0.000,0.000,146.010,24761.410
2021-05-15,127,20092.080,-3999.510,-517.380,15575.190,592.850,0.000,0.000,123.650,16291.690
2021-05-16,133,25005.300,-2578.340,-455.140,21971.820,799.800,0.000,0.000,173.640,22945.260
2021-05-17,80,26806.040,-9177.350,-2444.900,15183.790,159.960,0.000,0.000,78.570,15422.320
2021-05-18,115,26455.190,-4170.390,-683.860,21600.940,519.860,0.000,0.000,193.390,22314.190
2021-05-19,88,14602.160,-1220.660,-704.940,12676.560,324.940,0.000,0.000,120.970,13122.470
2021-05-20,94,13802.780,-3207.400,-633.080,9962.300,334.920,0.000,0.000,86.360,10383.580
2021-05-21,126,26421.880,-4707.960,-126.400,21587.520,429.880,0.000,0.000,115.520,22132.920
2021-05-22,146,27452.690,-5191.350,-2319.800,19941.540,469.870,0.000,0.000,156.480,20567.890
2021-05-23,113,18937.300,-2009.120,-45.990,16882.190,599.860,0.000,0.000,111.200,17593.250
2021-05-24,101,25950.520,-8560.100,-1869.460,15520.960,834.820,0.000,0.000,136.150,16491.930
2021-05-25,90,18379.530,-4202.360,-230.620,13946.550,639.830,0.000,0.000,102.810,14689.190
2021-05-26,117,24817.220,-5635.730,-634.510,18546.980,549.910,0.000,0.000,102.200,19199.090
2021-05-27,145,24177.140,-5232.110,-310.530,18634.500,439.910,0.000,0.000,110.550,19184.960
2021-05-28,146,25917.370,-5353.130,-727.580,19836.660,399.910,0.000,0.000,156.480,20393.050
2021-05-29,156,23520.460,-2106.670,-286.880,21126.910,213.940,0.000,0.000,203.250,21544.100
2021-05-30,132,18406.520,-2122.150,-1227.790,15056.580,249.940,0.000,0.000,115.740,15422.260
2021-05-31,105,28949.940,-14396.780,-488.910,14064.250,343.280,0.000,0.000,113.650,14521.180
2021-06-01,91,14946.910,-1543.040,-268.540,13135.330,459.920,0.000,0.000,105.360,13700.610
2021-06-02,85,16771.520,-3013.470,-91.220,13666.830,290.750,0.000,0.000,65.000,14022.580
2021-06-03,78,13714.290,-1858.580,-1135.910,10719.800,309.920,0.000,0.000,46.170,11075.890
2021-06-04,103,24398.780,-8715.000,-492.440,15191.340,159.950,0.000,0.000,180.370,15531.660
2021-06-05,165,25405.550,-2402.560,-481.940,22521.050,229.930,0.000,0.000,114.350,22865.330
2021-06-06,98,17735.350,-2114.720,-246.960,15373.670,389.920,0.000,0.000,117.230,15880.820
2021-06-07,89,18682.590,-4385.390,-86.980,14210.220,449.870,0.000,0.000,97.060,14757.150
2021-06-08,97,18682.540,-5147.730,-528.310,13006.500,419.900,0.000,0.000,96.100,13522.500
2021-06-09,85,16865.610,-2053.790,-1536.820,13275.000,239.930,0.000,0.000,86.450,13601.380
2021-06-10,84,14729.870,-3241.830,-291.910,11196.130,329.920,0.000,0.000,82.320,11608.370
2021-06-11,129,22597.230,-4010.520,-171.930,18414.780,318.930,0.000,0.000,82.030,18815.740
2021-06-12,187,34236.010,-6346.120,-627.570,27262.320,944.690,0.000,0.000,282.770,28489.780
2021-06-13,124,19642.970,-3308.190,-361.460,15973.320,589.840,0.000,0.000,116.960,16680.120
2021-06-14,83,16613.460,-5295.810,-712.240,10605.410,559.860,0.000,0.000,71.390,11236.660
2021-06-15,109,25227.290,-8704.870,0.000,16522.420,739.830,0.000,0.000,148.450,17410.700
2021-06-16,93,17148.380,-3441.530,-105.980,13600.870,534.870,0.000,0.000,105.600,14241.340
2021-06-17,135,23143.330,-4611.780,-649.860,17881.690,699.830,0.000,0.000,144.920,18726.440
2021-06-18,164,29776.410,-3194.100,-940.440,25641.870,551.670,0.000,0.000,260.810,26454.350
2021-06-19,212,33934.600,-5903.820,-781.550,27249.230,334.910,0.000,0.000,180.530,27764.670
2021-06-20,199,29550.930,-3799.470,-161.420,25590.040,633.860,0.000,0.000,253.080,26476.980
2021-06-21,67,21734.050,-9879.700,-477.430,11376.920,689.840,0.000,0.000,57.990,12124.750
2021-06-22,87,18391.240,-5201.020,-316.460,12873.760,634.890,0.000,0.000,112.160,13620.810
2021-06-23,79,16154.750,-3457.250,-153.580,12543.920,652.550,0.000,0.000,118.950,13315.420
2021-06-24,77,12374.470,-1385.520,-571.970,10416.980,499.900,0.000,0.000,123.200,11040.080
2021-06-25,108,25748.760,-9302.790,-165.970,16280.000,259.940,0.000,0.000,158.140,16698.080
2021-06-26,145,23511.370,-2773.370,-89.970,20648.030,423.310,0.000,0.000,161.780,21233.120
2021-06-27,141,20717.040,-2378.840,-45.980,18292.220,924.750,0.000,0.000,134.930,19351.900
2021-06-28,98,23865.580,-9153.720,-497.460,14214.400,954.770,0.000,0.000,113.180,15282.350
2021-06-29,82,18074.800,-2948.420,-1360.660,13765.720,789.850,0.000,0.000,112.650,14668.220
2021-06-30,107,20799.260,-3585.700,-1322.940,15890.620,588.850,0.000,0.000,147.700,16627.170
2021-07-01,130,22515.690,-4612.040,-879.860,17023.790,679.860,0.000,0.000,118.210,17821.860
2021-07-02,164,31428.110,-3687.760,-449.000,27291.350,169.970,0.000,0.000,156.990,27618.310
2021-07-03,223,33014.740,-2960.030,-1596.230,28458.480,179.960,0.000,0.000,235.110,28873.550
2021-07-04,135,19950.020,-672.320,-1039.720,18237.980,551.050,0.000,0.000,181.150,18970.180
2021-07-05,75,17703.040,-8898.050,-75.110,8729.880,214.950,0.000,0.000,87.840,9032.670
2021-07-06,66,10730.800,-628.170,-71.060,10031.570,374.890,0.000,0.000,87.240,10493.700
2021-07-07,77,13321.960,-1978.180,-72.270,11271.510,349.920,0.000,0.000,118.720,11740.150
2021-07-08,95,17914.540,-1971.880,-428.050,15514.610,434.900,0.000,0.000,149.960,16099.470
2021-07-09,91,23757.970,-4437.370,-203.970,19116.630,313.900,0.000,0.000,68.510,19499.040
2021-07-10,136,23903.420,-3310.770,-646.180,19946.470,99.980,0.000,0.000,213.360,20259.810
2021-07-11,97,14086.340,-967.950,-114.420,13003.970,463.870,0.000,0.000,106.030,13573.870
2021-07-12,76,23913.810,-6915.950,-747.770,16250.090,969.820,0.000,0.000,155.750,17375.660
2021-07-13,63,13129.290,-873.790,-253.590,12001.910,289.920,0.000,0.000,87.640,12379.470
2021-07-14,79,12281.190,-1857.300,-776.040,9647.850,414.920,0.000,0.000,104.880,10167.650
2021-07-15,89,17144.230,-1500.440,-514.340,15129.450,289.920,0.000,0.000,66.430,15485.800
2021-07-16,99,21903.210,-6851.040,-1137.940,13914.230,214.940,0.000,0.000,117.480,14246.650
2021-07-17,132,22418.640,-3246.150,-111.920,19060.570,104.980,0.000,0.000,241.600,19407.150
2021-07-18,150,22015.740,-3169.210,-441.970,18404.560,854.780,0.000,0.000,122.230,19381.570
2021-07-19,95,20566.120,-5400.290,-170.180,14995.650,444.890,0.000,0.000,109.810,15550.350
2021-07-20,100,17412.860,-1394.660,-147.500,15870.700,483.880,0.000,0.000,126.740,16481.320
2021-07-21,78,11705.050,-4004.310,-171.460,7529.280,389.900,0.000,0.000,60.230,7979.410
2021-07-22,85,20017.110,-4946.190,-317.480,14753.440,459.900,0.000,0.000,117.070,15330.410
2021-07-23,117,24431.980,-5040.790,-55.970,19335.220,599.860,0.000,0.000,138.000,20073.080
2021-07-24,140,23206.830,-3284.420,-54.970,19867.440,249.960,0.000,0.000,201.930,20319.330
2021-07-25,95,16445.640,-944.220,-74.990,15426.430,339.920,0.000,0.000,183.500,15949.850
2021-07-26,70,18081.980,-6810.100,-200.680,11071.200,404.900,0.000,0.000,75.210,11551.310
2021-07-27,80,14073.730,-2073.340,-586.360,11414.030,219.930,0.000,0.000,58.140,11692.100
2021-07-28,84,12654.450,-1646.200,-163.500,10844.750,294.940,0.000,0.000,68.680,11208.370
2021-07-29,82,13931.040,-1409.470,-539.100,11982.470,224.940,0.000,0.000,73.250,12280.660
2021-07-30,113,23116.860,-7819.230,-48.290,15249.340,389.910,0.000,0.000,145.240,15784.490
2021-07-31,117,17914.500,-1758.790,-300.750,15854.960,173.940,0.000,0.000,88.960,16117.860
2021-08-01,106,16449.760,-3882.230,-395.070,12172.460,540.320,0.000,0.000,120.520,12833.300
2021-08-02,68,19173.720,-8481.290,-452.390,10240.040,320.540,0.000,0.000,29.500,10590.080
2021-08-03,82,15579.690,-2272.860,0.000,13306.830,244.940,0.000,0.000,119.270,13671.040
2021-08-04,94,26212.320,-4275.180,-4030.630,17906.510,234.960,0.000,0.000,109.460,18250.930
2021-08-05,83,12928.240,-2474.990,-368.170,10085.080,304.920,0.000,0.000,111.040,10501.040
2021-08-06,109,24566.450,-6864.700,-186.870,17514.880,309.940,0.000,0.000,134.790,17959.610
2021-08-07,128,24038.550,-5633.750,-72.900,18331.900,239.950,0.000,0.000,136.840,18708.690
2021-08-08,96,14614.600,-210.840,-93.260,14310.500,478.870,0.000,0.000,137.260,14926.630
2021-08-09,83,18318.340,-7248.100,0.000,11070.240,594.840,0.000,0.000,153.250,11818.330
2021-08-10,73,14781.480,-3249.370,-1106.920,10425.190,294.940,0.000,0.000,99.730,10819.860
2021-08-11,74,12607.630,-3274.350,-107.970,9225.310,418.870,0.000,0.000,128.300,9772.480
2021-08-12,82,14644.940,-2202.050,-145.470,12297.420,288.940,0.000,0.000,101.300,12687.660
2021-08-13,101,18022.220,-5195.280,-189.990,12636.950,168.940,0.000,0.000,134.250,12940.140
2021-08-14,133,20356.410,-2347.800,-1056.530,16952.080,299.950,0.000,0.000,207.290,17459.320
2021-08-15,90,15401.400,-2782.280,-59.950,12559.170,344.920,0.000,0.000,139.420,13043.510
2021-08-16,80,17207.130,-5822.290,-157.030,11227.810,464.870,0.000,0.000,121.370,11814.050
2021-08-17,90,20370.010,-5716.740,-305.100,14348.170,644.890,0.000,0.000,153.080,15146.140
2021-08-18,67,12869.850,-2291.010,-401.890,10176.950,309.930,0.000,0.000,95.090,10581.970
2021-08-19,77,17477.070,-7436.340,-774.580,9266.150,104.990,0.000,0.000,82.300,9453.440
2021-08-20,110,17750.580,-1216.830,-170.770,16362.980,684.770,0.000,0.000,186.660,17234.410
2021-08-21,176,28590.220,-3079.020,-418.370,25092.830,309.930,0.000,0.000,226.480,25629.240
2021-08-22,153,25998.630,-5328.810,-566.950,20102.870,1113.710,0.000,0.000,172.170,21388.750
2021-08-23,86,14923.850,-4828.310,-260.890,9834.650,379.890,0.000,0.000,75.830,10290.370
2021-08-24,119,26976.560,-5827.600,-529.910,20619.050,1006.400,0.000,0.000,190.360,21815.810
2021-08-25,81,13813.190,-2285.190,-1487.770,10040.230,84.990,0.000,0.000,77.200,10202.420
2021-08-26,75,12775.980,-3125.480,-504.210,9146.290,209.950,0.000,0.000,65.120,9421.360
2021-08-27,100,17716.520,-4211.850,-356.640,13148.030,229.920,0.000,0.000,136.350,13514.300
2021-08-28,165,28323.990,-665.710,-269.880,27388.400,439.860,0.000,0.000,212.470,28040.730
2021-08-29,124,24631.980,-5418.940,-567.870,18645.170,509.850,0.000,0.000,132.750,19287.770
2021-08-30,109,34283.420,-14008.180,-312.060,19963.180,734.820,0.000,0.000,126.700,20824.700
2021-08-31,85,15195.180,-2159.200,-649.930,12386.050,564.870,0.000,0.000,104.340,13055.260
2021-09-01,95,17065.080,-4647.420,-841.730,11575.930,559.890,0.000,0.000,85.070,12220.890
2021-09-02,93,20285.390,-1625.640,-498.250,18161.500,439.920,0.000,0.000,189.460,18790.880
2021-09-03,123,20492.500,-1044.070,-2460.300,16988.130,124.960,0.000,0.000,150.410,17263.500
2021-09-04,143,21491.370,-2673.420,-677.130,18140.820,149.970,0.000,0.000,180.200,18470.990
2021-09-05,128,18301.640,-743.870,-811.250,16746.520,329.910,0.000,0.000,190.460,17266.890
2021-09-06,127,33820.300,-12653.390,-705.130,20461.780,334.910,0.000,0.000,176.210,20972.900
2021-09-07,83,19306.040,-6465.590,-2206.010,10634.440,579.880,0.000,0.000,117.140,11331.460
2021-09-08,72,16314.040,-5187.200,-685.880,10440.960,334.930,0.000,0.000,53.200,10829.090
2021-09-09,95,21681.940,-5848.300,-200.650,15632.990,364.930,0.000,0.000,129.260,16127.180
2021-09-10,103,29648.360,-15315.420,-1057.920,13275.020,204.950,0.000,0.000,117.840,13597.810
2021-09-11,144,20478.820,-1044.370,-444.590,18989.860,269.930,0.000,0.000,249.730,19509.520
2021-09-12,116,18061.460,-993.070,-224.140,16844.250,518.840,0.000,0.000,236.540,17599.630
2021-09-13,93,25539.570,-13442.620,-1747.140,10349.810,454.860,0.000,0.000,268.290,11072.960
2021-09-14,91,16376.040,-2782.790,-998.020,12595.230,504.870,0.000,0.000,120.990,13221.090
2021-09-15,64,10861.930,-897.300,-459.740,9504.890,184.950,0.000,0.000,102.860,9792.700
2021-09-16,87,18010.820,-3251.950,-471.100,14287.770,419.230,0.000,0.000,175.820,14882.820
2021-09-17,108,26157.390,-8628.200,-103.960,17425.230,393.910,0.000,0.000,147.170,17966.310
2021-09-18,122,17160.690,-970.650,-218.940,15971.100,159.970,0.000,0.000,134.750,16265.820
2021-09-19,94,17399.550,-616.550,-1072.130,15710.870,379.930,0.000,0.000,146.900,16237.700
2021-09-20,71,20056.430,-9324.560,-171.640,10560.230,789.790,0.000,0.000,131.160,11481.180
2021-09-21,69,12510.760,-344.560,-139.270,12026.930,579.860,0.000,0.000,117.030,12723.820
2021-09-22,87,11862.000,-262.320,-291.910,11307.770,489.900,0.000,0.000,98.370,11896.040
2021-09-23,77,11334.090,-1101.430,-251.650,9981.010,224.960,0.000,0.000,69.850,10275.820
2021-09-24,97,18665.850,-8683.980,-249.530,9732.340,254.950,0.000,0.000,66.900,10054.190
2021-09-25,153,22872.620,-3090.350,-280.550,19501.720,158.940,0.000,0.000,156.280,19816.940
2021-09-26,113,16554.600,-1059.960,-175.930,15318.710,314.920,0.000,0.000,151.110,15784.740
2021-09-27,76,17770.980,-6123.760,0.000,11647.220,594.840,0.000,0.000,122.060,12364.120
2021-09-28,62,19479.480,-9164.840,-339.930,9974.710,354.390,0.000,0.000,136.320,10465.420
2021-09-29,75,18682.670,-4887.900,-36.190,13758.580,389.910,0.000,0.000,90.660,14239.150
2021-09-30,97,18329.780,-2390.060,-546.840,15392.880,444.970,0.000,0.000,168.030,16005.880
2021-10-01,95,19822.300,-2948.950,-4060.670,12812.680,80.000,0.000,0.000,134.810,13027.490
2021-10-02,141,21596.850,-1780.820,-744.100,19071.930,178.990,0.000,0.000,230.730,19481.650
2021-10-03,119,17236.770,-2192.870,-103.930,14939.970,430.000,0.000,0.000,147.050,15517.020
2021-10-04,82,22346.120,-8146.190,-688.800,13511.130,425.000,0.000,0.000,83.210,14019.340
2021-10-05,87,12242.720,-879.300,-14.060,11349.360,610.300,0.000,0.000,117.250,12076.910
2021-10-06,76,10610.190,-2231.140,-92.960,8286.090,265.000,0.000,0.000,88.010,8639.100
2021-10-07,77,11349.580,-512.870,-349.460,10487.250,320.000,0.000,0.000,62.020,10869.270
2021-10-08,97,17160.780,-5927.890,-180.420,11052.470,386.870,0.000,0.000,94.220,11533.560
2021-10-09,157,21304.480,-2176.290,-462.450,18665.740,355.000,0.000,0.000,284.070,19304.810
2021-10-10,94,15466.080,-2572.380,-251.960,12641.740,300.000,0.000,0.000,146.380,13088.120
2021-10-11,91,24576.330,-12481.020,-247.470,11847.840,445.000,0.000,0.000,108.620,12401.460
2021-10-12,83,12076.950,-1850.210,-109.280,10117.460,330.000,0.000,0.000,124.200,10571.660
2021-10-13,87,18677.350,-5588.880,-307.610,12780.860,485.000,0.000,0.000,124.740,13390.600
2021-10-14,75,10947.380,-1360.880,-1030.300,8556.200,425.000,0.000,0.000,100.900,9082.100
2021-10-15,92,15267.320,-897.010,-100.960,14269.350,320.000,0.000,0.000,156.580,14745.930
2021-10-16,146,29480.700,-4231.400,-143.440,25105.860,325.000,0.000,0.000,171.440,25602.300
2021-10-17,129,19564.160,-3525.830,-359.710,15678.620,550.000,0.000,0.000,139.180,16367.800
2021-10-18,83,13889.200,-842.240,-466.470,12580.490,445.000,0.000,0.000,125.480,13150.970
2021-10-19,60,22992.970,-9582.220,-105.970,13304.780,245.000,0.000,0.000,47.560,13597.340
2021-10-20,58,14263.010,-6367.070,-21.490,7874.450,310.000,0.000,0.000,76.440,8260.890
2021-10-21,103,20119.020,-2991.070,-382.940,16745.010,590.000,0.000,0.000,158.700,17493.710
2021-10-22,89,14511.260,-1743.620,-17.000,12750.640,305.000,0.000,0.000,132.200,13187.840
2021-10-23,133,23884.480,-3436.880,-85.210,20362.390,270.000,0.000,0.000,193.990,20826.380
2021-10-24,105,14412.020,-955.990,-282.730,13173.300,430.000,0.000,0.000,101.320,13704.620
2021-10-25,95,15697.500,-1589.400,-626.890,13481.210,505.000,0.000,0.000,101.050,14087.260
2021-10-26,104,19783.850,-4449.970,-552.790,14781.090,470.000,0.000,0.000,141.680,15392.770
2021-10-27,110,17042.910,-567.440,-365.630,16109.840,660.000,0.000,0.000,181.840,16951.680
2021-10-28,79,13664.220,-1227.800,-109.790,12326.630,505.000,0.000,0.000,117.070,12948.700
2021-10-29,96,21911.170,-6422.770,-511.630,14976.770,390.170,0.000,0.000,134.070,15501.010
2021-10-30,147,24326.030,-2639.240,-243.450,21443.340,430.000,0.000,0.000,157.020,22030.360
2021-10-31,114,19573.390,-1042.150,-761.810,17769.430,799.760,0.000,0.000,195.780,18764.970
2021-11-01,98,32649.580,-15026.610,-719.780,16903.190,529.990,0.000,0.000,104.430,17537.610
2021-11-02,86,14466.370,-533.210,-248.400,13684.760,578.990,0.000,0.000,184.950,14448.700
2021-11-03,114,20881.570,-1747.170,-760.230,18374.170,903.530,0.000,0.000,183.360,19461.060
2021-11-04,117,23053.240,-1513.970,-684.600,20854.670,520.000,0.000,0.000,137.320,21511.990
2021-11-05,114,27182.010,-7407.230,-716.870,19057.910,410.000,0.000,0.000,165.820,19633.730
2021-11-06,142,23875.330,-2761.100,-229.980,20884.250,285.000,0.000,0.000,142.940,21312.190
2021-11-07,121,19466.280,-1336.490,-196.940,17932.850,875.010,0.000,0.000,228.400,19036.260
2021-11-08,119,28120.950,-9461.820,-162.910,18496.220,840.000,0.000,0.000,135.390,19471.610
2021-11-09,113,38353.610,-4433.830,-1236.360,32683.420,780.000,0.000,0.000,188.330,33651.750
2021-11-10,104,25059.240,-2125.340,-1819.910,21113.990,780.000,0.000,0.000,158.860,22052.850
2021-11-11,109,20821.020,-1602.100,-631.380,18587.540,590.000,0.000,0.000,117.180,19294.720
2021-11-12,145,26302.370,-6817.520,-1488.220,17996.630,835.000,0.000,0.000,153.250,18984.880
2021-11-13,165,32396.230,-2868.000,-1384.710,28143.520,748.990,0.000,0.000,238.990,29131.500
2021-11-14,145,31193.890,-3270.540,-366.520,27556.830,623.990,0.000,0.000,234.370,28415.190
2021-11-15,138,39832.290,-11963.620,-1198.390,26670.280,890.000,0.000,0.000,389.820,27950.100
2021-11-16,114,32690.860,-12236.670,-1849.700,18604.490,805.000,0.000,0.000,32.110,19441.600
2021-11-17,126,28041.170,-4845.570,-976.370,22219.230,810.000,0.000,0.000,163.940,23193.170
2021-11-18,119,33641.640,-3504.690,-3134.300,27002.650,985.000,0.000,0.000,152.970,28140.620
2021-11-19,135,31478.010,-5168.340,-2490.400,23819.270,760.000,0.000,0.000,156.640,24735.910
2021-11-20,158,40858.980,-2553.410,-609.740,37695.830,618.990,0.000,0.000,206.560,38521.380
2021-11-21,141,21351.750,-727.460,-909.470,19714.820,589.990,0.000,0.000,155.300,20460.110
2021-11-22,125,26389.840,-3676.590,-4396.970,18316.280,855.000,0.000,0.000,191.450,19362.730
2021-11-23,128,26299.930,-3896.420,-2924.560,19478.950,555.240,0.000,0.000,153.170,20187.360
2021-11-24,148,29811.660,-4809.930,-2412.310,22589.420,430.000,0.000,0.000,284.390,23303.810
2021-11-25,65,9404.810,-1388.720,-547.560,7468.530,295.000,0.000,0.000,102.380,7865.910
2021-11-26,294,71684.820,-14616.150,-1811.720,55256.950,1313.990,0.000,0.000,400.610,56971.550
2021-11-27,149,32071.510,-5377.990,-1278.550,25414.970,430.000,0.000,0.000,235.870,26080.840
2021-11-28,119,24939.200,-4027.890,-203.950,20707.360,395.210,0.000,0.000,111.900,21214.470
2021-11-29,211,49251.230,-13638.670,-2350.390,33262.170,1340.000,0.000,0.000,215.990,34818.160
2021-11-30,89,21702.530,-3477.390,-2349.580,15875.560,610.000,0.000,0.000,132.660,16618.220
2021-12-01,112,23401.760,-2880.290,-1106.880,19414.590,890.000,0.000,0.000,117.540,20422.130
2021-12-02,84,15049.130,-2286.490,-508.380,12254.260,260.000,0.000,0.000,105.160,12619.420
2021-12-03,126,24109.540,-3366.550,-249.770,20493.220,975.000,0.000,0.000,132.760,21600.980
2021-12-04,157,55963.520,-17336.000,-1388.380,37239.140,529.990,0.000,0.000,211.330,37980.460
2021-12-05,120,20992.610,-940.330,-749.480,19302.800,645.000,0.000,0.000,126.610,20074.410
2021-12-06,123,33211.530,-9203.410,-789.110,23219.010,935.000,0.000,0.000,177.210,24331.220
2021-12-07,122,26660.250,-3813.450,-393.710,22453.090,1086.810,0.000,0.000,205.190,23745.090
2021-12-08,131,28903.720,-5108.700,-644.760,23150.260,1068.990,0.000,0.000,184.270,24403.520
2021-12-09,156,40239.040,-3756.800,-1862.130,34620.110,954.910,0.000,0.000,769.750,36344.770
2021-12-10,152,53109.460,-13788.180,-1872.850,37448.430,775.000,0.000,0.000,238.580,38462.010
2021-12-11,165,27450.060,-2329.010,-204.960,24916.090,650.000,0.000,0.000,184.720,25750.810
2021-12-12,144,23931.030,-555.100,-502.880,22873.050,1055.000,0.000,0.000,189.560,24117.610
2021-12-13,161,44850.470,-7815.750,-481.040,36553.680,1680.000,0.000,0.000,259.890,38493.570
2021-12-14,150,42141.020,-11452.370,-5170.080,25518.570,980.000,0.000,0.000,173.680,26672.250
2021-12-15,183,45575.000,-3117.930,-1941.830,40515.240,1490.000,0.000,0.000,433.780,42439.020
2021-12-16,190,50401.410,-4019.810,-4640.400,41741.200,1730.000,0.000,0.000,383.740,43854.940
2021-12-17,179,44268.270,-2025.830,-2465.170,39777.270,1720.000,0.000,0.000,301.650,41798.920
2021-12-18,204,56780.090,-817.010,-2510.740,53452.340,1390.000,0.000,0.000,341.240,55183.580
2021-12-19,189,32715.440,-1015.840,-1734.830,29964.770,1888.990,0.000,0.000,283.870,32137.630
2021-12-20,213,52516.570,-9055.250,-1211.630,42249.690,1935.000,0.000,0.000,427.430,44612.120
2021-12-21,199,40129.170,-3668.910,-4456.860,32003.400,1619.990,0.000,0.000,212.590,33835.980
2021-12-22,216,45819.410,-6211.800,-5449.040,34158.570,1303.990,0.000,0.000,342.610,35805.170
2021-12-23,236,41280.180,-2511.970,-1719.890,37048.320,913.030,0.000,0.000,375.230,38336.580
2021-12-24,191,34673.690,-4948.200,-2651.750,27073.740,238.980,0.000,0.000,357.310,27670.030
2021-12-25,109,16111.250,-697.040,-173.300,15240.910,703.990,0.000,0.000,146.410,16091.310
2021-12-26,108,17736.830,-905.600,-412.980,16418.250,905.000,0.000,0.000,154.890,17478.140
2021-12-27,141,40106.690,-15247.410,-995.840,23863.440,825.000,0.000,0.000,193.950,24882.390
2021-12-28,124,24519.790,-2148.930,-792.040,21578.820,655.000,0.000,0.000,152.710,22386.530
2021-12-29,172,33225.430,-4893.920,-1350.600,26980.910,905.000,0.000,0.000,189.270,28075.180
2021-12-30,226,44684.560,-2803.730,-1819.710,40061.120,570.000,0.000,0.000,297.300,40928.420
2021-12-31,226,32399.090,-1972.020,-932.680,29494.390,290.000,0.000,0.000,320.000,30104.390
2022-01-01,89,12220.690,-559.100,-377.110,11284.480,460.000,0.000,0.000,110.920,11855.400
2022-01-02,100,15244.400,-1374.590,-302.400,13567.410,520.000,0.000,0.000,149.890,14237.300
2022-01-03,94,17503.530,-5916.410,-870.330,10716.790,455.000,0.000,0.000,123.290,11295.080
2022-01-04,93,16816.840,-2597.310,-1092.910,13126.620,480.000,0.000,0.000,86.960,13693.580
2022-01-05,108,20154.800,-3218.280,-466.860,16469.660,728.990,0.000,0.000,141.220,17339.870
2022-01-06,95,16781.350,-610.250,-295.710,15875.390,310.000,0.000,0.000,140.790,16326.180
2022-01-07,128,28992.740,-10272.050,-577.170,18143.520,503.990,0.000,0.000,134.280,18781.790
2022-01-08,162,21067.630,-1859.440,-476.950,18731.240,318.990,0.000,0.000,163.270,19213.500
2022-01-09,133,18476.070,-2128.830,-332.660,16014.580,555.000,0.000,0.000,116.980,16686.560
2022-01-10,84,25343.470,-4730.970,-653.880,19958.620,460.000,0.000,0.000,138.780,20557.400
2022-01-11,104,22380.670,-2573.010,-866.220,18941.440,715.000,0.000,0.000,145.930,19802.370
2022-01-12,80,21695.520,-3961.090,-1667.500,16066.930,330.000,0.000,0.000,114.720,16511.650
2022-01-13,87,15127.320,-3809.600,-527.600,10790.120,360.000,0.000,0.000,78.790,11228.910
2022-01-14,151,24383.590,-2326.620,-313.720,21743.250,345.000,0.000,0.000,142.630,22230.880
2022-01-15,163,23249.280,-2751.540,-186.530,20311.210,448.990,0.000,0.000,121.040,20881.240
2022-01-16,105,15889.550,-1877.170,-381.930,13630.450,343.990,0.000,0.000,121.380,14095.820
2022-01-17,117,20253.670,-3576.830,-256.430,16420.410,430.000,0.000,0.000,126.890,16977.300
2022-01-18,88,16247.170,-2680.710,-453.600,13112.860,412.980,0.000,0.000,164.560,13690.400
2022-01-19,90,27723.780,-5445.240,-460.830,21817.710,745.000,0.000,0.000,594.550,23157.260
2022-01-20,104,32116.260,-14332.110,-175.250,17608.900,445.000,0.000,0.000,128.070,18181.970
2022-01-21,113,28668.660,-7105.020,-1513.040,20050.600,450.000,0.000,0.000,203.890,20704.490
2022-01-22,162,26957.950,-4328.210,-360.340,22269.400,610.000,0.000,0.000,229.010,23108.410
2022-01-23,123,19790.600,-1785.800,-1934.180,16070.620,473.990,0.000,0.000,149.350,16693.960
2022-01-24,99,19952.220,-7335.230,-476.910,12140.080,710.000,0.000,0.000,140.080,12990.160
2022-01-25,92,15350.870,-1978.240,-158.940,13213.690,405.000,0.000,0.000,93.380,13712.070
2022-01-26,95,13174.340,-2523.590,-138.450,10512.300,460.000,0.000,0.000,135.320,11107.620
2022-01-27,89,23450.860,-2244.990,-1369.400,19836.470,333.980,0.000,0.000,121.480,20291.930
2022-01-28,125,22981.300,-6210.220,-640.200,16130.880,550.000,0.000,0.000,214.090,16894.970
2022-01-29,159,28028.180,-3254.850,-184.900,24588.430,345.000,0.000,0.000,182.620,25116.050
2022-01-30,125,20754.910,-2239.150,-453.920,18061.840,360.000,0.000,0.000,107.690,18529.530
2022-01-31,88,14159.460,-1717.840,-798.030,11643.590,630.000,0.000,0.000,112.140,12385.730
2022-02-01,109,23000.600,-6189.030,-1006.320,15805.250,390.000,0.000,0.000,85.910,16281.160
2022-02-02,76,13564.900,-1152.230,-390.430,12022.240,360.000,0.000,0.000,53.830,12436.070
2022-02-03,101,17200.730,-3453.980,-331.390,13415.360,540.000,0.000,0.000,89.310,14044.670
2022-02-04,125,23493.490,-8404.820,-351.050,14737.620,460.000,0.000,0.000,103.430,15301.050
2022-02-05,160,27048.380,-2979.910,-258.390,23810.080,518.990,0.000,0.000,223.260,24552.330
2022-02-06,121,19664.050,-2346.970,-240.110,17076.970,660.000,0.000,0.000,202.130,17939.100
2022-02-07,86,19133.220,-4715.100,-674.230,13743.890,465.000,0.000,0.000,107.370,14316.260
2022-02-08,98,19183.570,-4601.400,-572.590,14009.580,480.000,0.000,0.000,130.940,14620.520
2022-02-09,89,15099.760,-2163.830,-119.920,12816.010,525.000,0.000,0.000,152.820,13493.830
2022-02-10,114,20865.390,-2699.110,-314.810,17851.470,230.000,0.000,0.000,168.120,18249.590
2022-02-11,155,33998.200,-5636.370,-397.700,27964.130,430.000,0.000,0.000,237.730,28631.860
2022-02-12,214,32704.370,-2338.630,-1926.560,28439.180,655.000,0.000,0.000,355.330,29449.510
2022-02-13,171,26571.810,-4709.520,-2442.520,19419.770,510.000,0.000,0.000,195.620,20125.390
2022-02-14,143,29415.980,-10628.170,-343.110,18444.700,310.000,0.000,0.000,126.650,18881.350
2022-02-15,68,13743.030,-3581.540,-75.980,10085.510,530.040,0.000,0.000,53.370,10668.920
2022-02-16,88,12356.080,-2384.760,-162.960,9808.360,360.000,0.000,0.000,103.330,10271.690
2022-02-17,84,26249.220,-3548.130,-326.940,22374.150,255.000,0.000,0.000,82.320,22711.470
2022-02-18,104,20137.620,-8060.780,-216.820,11860.020,430.000,0.000,0.000,116.160,12406.180
2022-02-19,110,24074.790,-4731.910,-547.480,18795.400,225.000,0.000,0.000,112.880,19133.280
2022-02-20,109,19201.250,-3953.990,-103.930,15143.330,545.000,0.000,0.000,147.260,15835.590
2022-02-21,98,25733.320,-5149.250,-665.960,19918.110,500.000,0.000,0.000,218.520,20636.630
2022-02-22,76,14619.610,-3708.490,-175.970,10735.150,365.000,0.000,0.000,129.430,11229.580
2022-02-23,100,20398.970,-2093.960,-110.560,18194.450,663.980,0.000,0.000,108.530,18966.960
2022-02-24,73,17936.860,-3106.310,-189.980,14640.570,260.000,0.000,0.000,147.520,15048.090
2022-02-25,110,31472.690,-11452.960,-2407.810,17611.920,298.990,0.000,0.000,124.220,18035.130
2022-02-26,144,20262.860,-2545.820,-586.550,17130.490,400.000,0.000,0.000,136.580,17667.070
2022-02-27,126,21291.020,-1706.650,-459.320,19125.050,295.000,0.000,0.000,118.120,19538.170
2022-02-28,80,15478.630,-3898.450,-179.810,11400.370,353.990,0.000,0.000,69.350,11823.710
2022-03-01,98,19344.960,-5062.620,-344.390,13937.950,360.000,0.000,0.000,97.140,14395.090
2022-03-02,84,16134.520,-2374.540,-384.960,13375.020,420.000,0.000,0.000,105.830,13900.850
2022-03-03,83,16941.850,-1524.460,-80.980,15336.410,320.000,0.000,0.000,99.850,15756.260
2022-03-04,90,23000.260,-11313.760,-185.890,11500.610,140.000,0.000,0.000,88.490,11729.100
2022-03-05,145,19400.420,-1178.380,-424.340,17797.700,535.000,0.000,0.000,116.950,18449.650
2022-03-06,113,18707.090,-672.880,-347.760,17686.450,435.000,0.000,0.000,204.570,18326.020
2022-03-07,93,18426.560,-2865.460,-561.120,14999.980,403.990,0.000,0.000,241.660,15645.630
2022-03-08,97,20990.170,-6686.630,-221.680,14081.860,623.990,0.000,0.000,124.780,14830.630
2022-03-09,85,12094.210,-512.910,-175.960,11405.340,235.000,0.000,0.000,105.450,11745.790
2022-03-10,87,16715.260,-2084.930,-257.000,14373.330,385.000,0.000,0.000,98.150,14856.480
2022-03-11,114,18279.500,-1727.090,-1219.680,15332.730,420.000,0.000,0.000,136.450,15889.180
2022-03-12,142,23492.450,-3960.140,-197.110,19335.200,340.000,0.000,0.000,143.020,19818.220
2022-03-13,114,26167.890,-7291.590,0.000,18876.300,365.000,0.000,0.000,417.020,19658.320
2022-03-14,85,22059.110,-6333.870,-2366.400,13358.840,610.000,0.000,0.000,106.180,14075.020
2022-03-15,78,25482.710,-6408.520,-1129.490,17944.700,410.000,0.000,0.000,211.990,18566.690
2022-03-16,81,14704.890,-3109.020,-1500.180,10095.690,320.000,0.000,0.000,65.400,10481.090
2022-03-17,104,22911.590,-3466.910,-2743.540,16701.140,575.000,0.000,0.000,158.180,17434.320
2022-03-18,107,28760.810,-12500.720,-353.020,15907.070,453.990,0.000,0.000,106.580,16467.640
2022-03-19,154,23373.640,-3017.170,-201.760,20154.710,515.000,0.000,0.000,276.050,20945.760
2022-03-20,105,15255.040,-1362.600,-76.960,13815.480,320.000,0.000,0.000,78.000,14213.480
2022-03-21,69,28003.940,-4996.680,-2738.350,20268.910,434.000,0.000,0.000,762.150,21465.060
2022-03-22,84,20492.550,-7109.880,-3563.130,9819.540,405.290,0.000,0.000,-13.490,10211.340
2022-03-23,100,21858.870,-3248.830,-337.430,18272.610,465.000,0.000,0.000,106.640,18844.250
2022-03-24,94,21712.430,-5235.750,-500.720,15975.960,440.000,0.000,0.000,115.300,16531.260
2022-03-25,105,25983.430,-9899.540,-2486.970,13596.920,210.000,0.000,0.000,75.060,13881.980
2022-03-26,148,20867.450,-1050.830,-42.570,19774.050,555.000,0.000,0.000,155.590,20484.640
2022-03-27,121,22924.060,-6340.400,-301.510,16282.150,515.000,0.000,0.000,112.810,16909.960
2022-03-28,82,15018.760,-4862.930,-783.150,9372.680,380.000,0.000,0.000,68.750,9821.430
2022-03-29,91,25815.060,-5708.700,-5363.970,14742.390,520.000,0.000,0.000,245.620,15508.010
2022-03-30,85,18278.060,-1322.100,-1089.390,15866.570,470.000,0.000,0.000,104.400,16440.970
2022-03-31,81,22005.540,-5890.310,-140.160,15975.070,300.000,0.000,0.000,123.460,16398.530
